timestamp,delay_x,delay_y,rms0,rms1,rms2,rms3,label
2026-08-01 22:41:11,-3,2,634.9,317.0,313.7,448.6,left
2026-08-01 22:41:11,-3,1,1116.0,500.2,486.2,772.1,left
2026-08-01 22:41:12,-3,2,1943.3,814.9,810.8,1266.3,left
2026-08-01 22:41:12,-3,2,2408.3,916.7,1029.0,1541.1,left
2026-08-01 22:41:13,-2,1,672.7,432.1,403.8,529.0,left
2026-08-01 22:41:13,-3,2,1057.2,501.1,503.3,646.5,left
2026-08-01 22:41:14,-3,2,803.9,430.3,406.6,605.9,left
2026-08-01 22:41:14,-3,2,2136.3,900.6,856.1,1327.1,left
2026-08-01 22:41:15,-3,2,1319.4,558.4,648.8,903.4,left
2026-08-01 22:41:15,-3,2,1557.7,759.8,702.1,1088.7,left
2026-08-01 22:41:16,-3,2,3401.8,1415.8,1342.1,2410.6,left
2026-08-01 22:41:16,-3,2,2519.9,1136.9,1024.3,1631.7,left
2026-08-01 22:41:17,-3,2,1164.4,517.2,562.9,872.6,left
2026-08-01 22:41:17,-3,2,4295.6,1764.0,1535.9,2742.2,left
2026-08-01 22:41:18,-3,2,848.1,489.9,448.8,670.8,left
2026-08-01 22:41:18,-3,2,1310.3,622.3,551.2,837.7,left
2026-08-01 22:41:19,-3,2,1819.8,860.7,765.8,1308.8,left
2026-08-01 22:41:19,-3,2,841.3,438.8,533.1,735.0,left
2026-08-01 22:41:20,-3,2,3201.7,1210.0,1390.5,2123.8,left
2026-08-01 22:41:20,-3,2,1793.9,725.5,678.0,1070.0,left
2026-08-01 22:41:21,-3,2,909.8,409.3,398.2,591.0,left
2026-08-01 22:41:21,-3,1,599.0,417.8,392.0,517.5,left
2026-08-01 22:41:22,-2,2,1135.9,760.0,881.7,1416.5,left
2026-08-01 22:41:23,-2,2,1461.4,1025.6,1317.6,1764.2,left
2026-08-01 22:41:23,-3,3,546.0,397.2,406.7,533.4,left
2026-08-01 22:41:24,-3,2,551.0,396.3,443.7,591.4,left
2026-08-01 22:41:24,-3,2,694.6,418.1,519.4,646.7,left
2026-08-01 22:41:25,-3,2,799.1,629.6,621.4,755.4,left
2026-08-01 22:41:26,-3,2,377.2,287.2,333.1,386.6,left
2026-08-01 22:41:26,-3,2,660.6,541.6,613.2,680.3,left
2026-08-01 22:41:27,-2,3,1429.4,795.7,1020.2,1217.7,left
2026-08-01 22:41:27,-2,3,1204.0,743.7,888.5,1247.2,left
2026-08-01 22:41:28,-2,3,1283.4,1028.9,1110.5,1444.7,left
2026-08-01 22:41:28,-3,2,617.6,396.9,432.9,645.7,left
2026-08-01 22:41:29,-3,2,1318.2,988.1,1078.8,1530.1,left
2026-08-01 22:41:29,-3,2,567.6,420.3,476.3,676.2,left
2026-08-01 22:41:30,-3,2,786.6,631.6,678.0,969.7,left
2026-08-01 22:41:30,-3,2,1547.4,1024.0,1133.5,1703.8,left
2026-08-01 22:41:31,-2,2,1077.6,736.8,855.6,1139.1,left
2026-08-01 22:41:31,-3,2,827.6,553.3,598.0,843.1,left
2026-08-01 22:41:32,-3,2,1377.4,876.2,901.1,1412.3,left
2026-08-01 22:41:32,-3,2,928.7,545.1,572.3,861.1,left
2026-08-01 22:41:33,-3,2,548.6,350.7,349.1,502.0,left
2026-08-01 22:42:58,3,-2,907.6,1614.6,1916.4,993.4,right
2026-08-01 22:42:58,3,-2,333.0,571.7,661.4,367.2,right
2026-08-01 22:42:59,3,-2,425.3,662.2,765.2,477.3,right
2026-08-01 22:43:00,3,-2,580.8,1118.1,1215.0,635.7,right
2026-08-01 22:43:00,3,-2,1005.6,1869.4,1915.6,1114.3,right
2026-08-01 22:43:01,3,-2,1257.8,2023.3,2160.3,1275.4,right
2026-08-01 22:43:01,3,-2,539.2,944.7,1090.3,606.4,right
2026-08-01 22:43:02,3,-2,1726.1,2634.4,3078.4,1891.4,right
2026-08-01 22:43:02,3,-2,859.4,1325.1,1478.0,942.6,right
2026-08-01 22:43:03,3,-2,1664.2,2871.3,3119.6,1721.1,right
2026-08-01 22:43:03,3,-2,689.3,1279.8,1319.5,785.8,right
2026-08-01 22:43:04,2,-2,1174.3,2021.3,2129.2,1245.8,right
2026-08-01 22:43:04,3,-2,1250.8,2051.1,2204.4,1309.6,right
2026-08-01 22:43:05,2,-2,731.2,1302.5,1160.2,710.1,right
2026-08-01 22:43:05,3,-3,575.6,917.8,750.1,605.7,right
2026-08-01 22:43:06,3,-3,495.0,819.7,693.0,525.9,right
2026-08-01 22:43:07,3,-3,906.9,1201.8,1114.2,938.7,right
2026-08-01 22:43:07,3,-2,1276.4,2299.2,2121.5,1578.3,right
2026-08-01 22:43:08,3,-2,1623.4,3116.1,3772.4,1851.3,right
2026-08-01 22:43:08,3,-2,821.9,1245.0,1371.3,833.6,right
2026-08-01 22:43:09,3,-2,932.9,1416.5,1356.9,1029.4,right
2026-08-01 22:43:09,3,-2,580.4,879.9,767.7,627.2,right
2026-08-01 22:43:10,3,-2,381.1,655.4,623.1,452.4,right
2026-08-01 22:43:10,3,-2,912.9,1614.8,1598.7,1081.7,right
2026-08-01 22:43:11,2,-2,1511.9,2856.3,2657.9,1638.5,right
2026-08-01 22:43:11,3,-2,1277.0,1857.3,2152.8,1355.8,right
2026-08-01 22:43:12,3,-2,1018.8,1603.7,1796.1,1166.2,right
2026-08-01 22:43:12,3,-2,591.9,823.4,858.0,620.4,right
2026-08-01 22:43:13,3,-2,1071.5,1681.6,1607.8,1128.8,right
2026-08-01 22:43:13,3,-2,851.7,1189.7,1313.1,1002.4,right
2026-08-01 22:43:14,3,-2,409.5,582.9,653.0,460.2,right
2026-08-01 22:43:14,3,-2,878.8,1166.7,1222.5,937.6,right
2026-08-01 22:43:15,3,-2,747.5,1208.4,1596.1,856.1,right
2026-08-01 22:43:15,3,-2,1114.1,2102.0,2774.6,1552.5,right
2026-08-01 22:43:16,3,-2,855.2,1432.6,1831.5,955.0,right
2026-08-01 22:43:16,3,-2,937.3,1608.5,2067.6,1037.5,right
2026-08-01 22:43:17,3,-2,769.8,1267.7,1575.4,835.6,right
2026-08-01 22:43:17,3,-2,1901.3,2913.2,3838.3,2007.5,right
2026-08-01 22:43:18,3,-2,1652.2,2822.1,3423.5,1767.7,right
2026-08-01 22:43:18,3,-2,2220.4,3275.1,4031.4,2297.2,right
2026-08-01 22:43:19,3,-2,2568.6,4696.6,5266.8,2665.3,right
2026-08-01 22:43:19,3,-2,1267.4,2068.7,2593.0,1329.1,right
2026-08-01 22:43:20,3,-2,1481.8,2692.0,2984.4,1486.2,right
2026-08-01 22:45:42,-2,-3,5275.7,6232.0,3858.2,3856.5,front
2026-08-01 22:45:42,-2,-3,2296.1,3185.8,1937.8,1657.1,front
2026-08-01 22:45:43,-2,-3,4636.2,5168.4,3394.9,3567.1,front
2026-08-01 22:45:43,-2,-3,635.9,669.3,461.5,443.5,front
2026-08-01 22:45:45,-2,-3,1113.0,1175.7,852.1,857.4,front
2026-08-01 22:45:45,-3,-3,1477.2,1484.0,1127.8,1109.3,front
2026-08-01 22:45:46,-3,-3,1338.2,1265.4,940.1,974.1,front
2026-08-01 22:45:46,-2,-3,995.7,1060.4,730.5,805.2,front
2026-08-01 22:45:47,-2,-3,836.8,892.6,613.6,640.8,front
2026-08-01 22:45:47,-3,-3,1270.1,1215.2,904.0,939.9,front
2026-08-01 22:45:48,-2,-3,932.9,998.5,776.8,804.2,front
2026-08-01 22:45:48,-2,-3,698.9,756.1,516.6,580.9,front
2026-08-01 22:45:49,-2,-3,830.7,1025.0,717.9,708.6,front
2026-08-01 22:45:49,-2,-3,1057.6,1186.7,793.7,884.8,front
2026-08-01 22:45:50,-2,-3,1105.7,1033.4,792.9,832.6,front
2026-08-01 22:45:50,-2,-3,662.3,655.2,476.5,485.8,front
2026-08-01 22:45:51,-2,-3,1217.9,1502.6,901.8,908.4,front
2026-08-01 22:45:51,-2,-3,1012.9,1018.2,726.5,781.7,front
2026-08-01 22:45:52,-2,-3,840.5,838.7,525.8,572.1,front
2026-08-01 22:45:52,-2,-3,1690.7,2184.1,1328.9,1259.0,front
2026-08-01 22:45:53,-2,-3,1197.3,1126.4,811.0,863.4,front
2026-08-01 22:45:53,-2,-3,1810.5,1779.2,1267.4,1342.5,front
2026-08-01 22:45:54,-2,-3,2493.8,2885.6,1727.4,1707.2,front
2026-08-01 22:45:54,-2,-3,3722.5,3655.1,2599.1,2835.8,front
2026-08-01 22:45:55,-3,-3,2400.5,2487.3,1506.0,1765.0,front
2026-08-01 22:45:55,-2,-3,1024.1,1005.0,794.6,791.5,front
2026-08-01 22:45:57,-2,-3,853.6,1021.3,738.3,638.8,front
2026-08-01 22:45:58,-26,-3,5460.4,10085.2,6549.1,3691.7,front
2026-08-01 22:45:59,-32,3,2092.3,4581.8,3238.3,1468.4,front
2026-08-01 22:46:00,-2,-3,3321.0,3208.4,2094.5,2483.4,front
2026-08-01 22:46:01,-3,-3,4943.7,4857.5,3394.2,3330.7,front
2026-08-01 22:46:01,-2,-3,2075.5,2686.0,1580.3,1501.0,front
2026-08-01 22:46:02,-2,-3,1174.3,1478.1,936.4,901.6,front
2026-08-01 22:46:02,-2,-3,3929.4,4824.6,3111.7,2978.1,front
2026-08-01 22:46:03,-2,-3,5277.0,6316.6,4014.3,4014.1,front
2026-08-01 22:46:03,-2,-3,5505.2,6797.9,4151.7,4043.6,front
2026-08-01 22:46:04,-2,-3,4459.5,5223.0,3540.9,3333.2,front
2026-08-01 22:46:04,-2,-3,3789.5,4629.9,3106.5,2988.3,front
2026-08-01 22:46:05,-2,-3,2551.1,3027.4,2035.9,2001.2,front
2026-08-01 22:46:08,-3,-3,1195.6,1205.4,880.3,925.6,front
2026-08-01 22:46:09,-3,-1,4476.5,5284.0,4923.3,4798.2,front
2026-08-01 22:46:09,-3,-3,1734.1,1894.0,1284.6,1359.8,front
2026-08-01 22:47:50,2,3,524.7,501.8,697.0,770.6,rear
2026-08-01 22:47:51,2,3,307.2,318.7,383.2,467.0,rear
2026-08-01 22:47:52,-10,-9,3274.9,3139.2,6052.0,5591.5,rear
2026-08-01 22:47:53,2,3,725.4,783.2,938.0,1198.2,rear
2026-08-01 22:47:54,2,3,4210.1,3859.4,5766.9,6692.3,rear
2026-08-01 22:47:54,2,3,1032.0,1067.4,1569.1,1824.2,rear
2026-08-01 22:47:55,2,3,694.3,731.0,1001.6,1178.6,rear
2026-08-01 22:47:55,2,3,1145.9,1184.9,1604.2,1908.7,rear
2026-08-01 22:47:56,2,3,1741.2,1801.2,2559.0,3029.1,rear
2026-08-01 22:47:56,2,3,2211.1,2286.9,3362.6,3930.7,rear
2026-08-01 22:47:57,2,3,1967.7,2016.0,2859.9,3272.9,rear
2026-08-01 22:47:57,2,3,1996.3,2055.2,2922.0,3352.0,rear
2026-08-01 22:47:58,2,3,2061.3,2096.5,2971.8,3535.3,rear
2026-08-01 22:47:58,2,3,674.2,672.1,913.9,1065.0,rear
2026-08-01 22:48:01,3,2,351.2,380.9,512.1,477.6,rear
2026-08-01 22:48:02,3,3,526.8,579.0,876.2,826.3,rear
2026-08-01 22:48:02,3,2,1030.9,1070.0,1858.9,1490.1,rear
2026-08-01 22:48:03,3,2,530.8,561.3,795.7,729.9,rear
2026-08-01 22:48:04,3,2,431.8,504.3,770.4,701.6,rear
2026-08-01 22:48:06,2,3,1310.1,1323.7,1686.1,1803.8,rear
2026-08-01 22:48:06,2,3,1851.8,1850.7,2401.9,2749.6,rear
2026-08-01 22:48:07,2,3,1295.8,1402.7,1900.8,1980.6,rear
2026-08-01 22:48:07,2,3,897.9,946.1,1295.9,1425.5,rear
2026-08-01 22:48:08,2,3,907.6,950.7,1372.1,1446.0,rear
2026-08-01 22:48:08,2,3,2498.5,2616.5,3617.0,3943.9,rear
2026-08-01 22:48:09,2,3,1730.5,1697.6,2297.9,2492.6,rear
2026-08-01 22:48:09,2,3,2432.0,2534.6,3439.1,3599.6,rear
2026-08-01 22:48:10,2,3,1586.4,1713.4,2363.3,2393.4,rear
2026-08-01 22:48:10,3,3,1518.1,1549.3,2213.2,2215.6,rear
2026-08-01 22:48:11,3,2,869.8,915.5,1336.5,1264.2,rear
2026-08-01 22:48:12,3,3,3075.8,3198.4,4583.7,4604.2,rear
2026-08-01 22:48:12,3,3,1082.1,1117.9,1507.2,1551.2,rear
2026-08-01 22:48:13,3,3,1759.1,1970.0,2720.9,2725.2,rear
2026-08-01 22:48:13,3,3,2442.7,2528.3,3756.1,3795.2,rear
2026-08-01 22:48:14,3,3,2007.4,2081.5,3074.0,3067.2,rear
2026-08-01 22:48:14,3,3,1884.6,1987.2,2888.8,2949.0,rear
2026-08-01 22:48:15,3,3,752.7,801.9,1137.1,1132.3,rear
2026-08-01 22:48:15,3,3,672.4,703.9,979.7,990.3,rear
2026-08-01 22:48:16,3,3,1092.7,1172.6,1682.0,1670.0,rear
2026-08-01 22:48:16,3,3,1313.4,1395.8,2025.4,2038.7,rear
2026-08-01 22:48:17,2,3,956.9,997.6,1328.6,1408.0,rear
2026-08-01 22:48:17,2,3,1110.0,1076.1,1347.2,1606.8,rear
2026-08-01 22:48:18,2,3,1128.6,1142.6,1475.5,1536.0,rear
2026-08-01 22:48:18,3,3,974.0,1057.8,1178.7,1196.6,rear
2026-08-01 22:48:19,3,3,762.8,766.7,944.5,975.0,rear
2026-08-01 22:48:19,3,2,695.8,745.8,993.9,1000.4,rear
2026-08-01 22:48:20,3,2,949.0,1050.8,1550.8,1387.0,rear
2026-08-01 22:48:20,2,3,649.4,674.4,911.4,994.0,rear
2026-08-01 22:48:21,2,2,832.5,859.3,1387.4,1439.6,rear
2026-08-01 22:48:21,3,2,1681.6,1774.0,3155.3,2565.3,rear
2026-08-01 22:48:22,3,2,883.1,935.6,1954.1,1355.6,rear
2026-08-01 22:48:22,3,2,2606.6,2942.4,5326.6,4068.4,rear
2026-08-01 22:48:23,3,2,661.4,715.5,1029.0,978.9,rear
2026-08-01 22:48:23,3,2,716.3,685.7,791.9,783.2,rear
2026-08-01 22:48:24,3,2,544.0,542.7,628.7,652.4,rear
2026-08-01 22:48:24,3,2,814.4,937.6,936.3,933.8,rear
2026-08-01 22:48:25,3,2,659.2,677.5,870.2,863.6,rear
2026-08-01 22:48:25,3,2,671.4,748.6,1126.4,1027.9,rear
2026-08-01 22:48:26,3,2,1222.5,1280.9,2107.4,1799.2,rear
2026-08-01 22:48:26,3,2,1103.6,1262.4,1702.8,1565.5,rear
