filename,category
100017.wav,others
100043.wav,others
100047.wav,others
10005.wav,others
100114.wav,others
100144.wav,others
100305.wav,others
100313.wav,others
100326.wav,others
100640.wav,others
100771.wav,others
101072.wav,others
101163.wav,others
101164.wav,others
101165.wav,others
101241.wav,others
101336.wav,door_wood_knock
101432.wav,others
10177.wav,others
10186.wav,others
101900.wav,others
101914.wav,others
102007.wav,others
102008.wav,others
102036.wav,others
102187.wav,others
10233.wav,others
103045.wav,others
103185.wav,others
103325.wav,others
103344.wav,others
10338.wav,others
103415.wav,others
103422.wav,others
103433.wav,others
10380.wav,others
103958.wav,others
103995.wav,door_wood_knock
103998.wav,door_wood_knock
103999.wav,door_wood_knock
104000.wav,door_wood_knock
104001.wav,door_wood_knock
104002.wav,door_wood_knock
104006.wav,others
104038.wav,others
10418.wav,others
10428.wav,others
104370.wav,others
104422.wav,others
10461.wav,others
104863.wav,others
105063.wav,others
105211.wav,others
105333.wav,others
10612.wav,others
106237.wav,others
10651.wav,others
106582.wav,others
106730.wav,others
106793.wav,others
106960.wav,others
106985.wav,others
107099.wav,others
107115.wav,others
107273.wav,others
107443.wav,others
107502.wav,others
10756.wav,others
107748.wav,others
108192.wav,siren
108316.wav,others
108525.wav,others
108546.wav,others
108569.wav,others
108582.wav,others
108618.wav,others
108685.wav,others
108751.wav,others
108766.wav,others
108771.wav,others
108792.wav,others
109355.wav,others
109369.wav,others
109400.wav,others
109601.wav,others
109625.wav,others
109735.wav,others
109750.wav,others
109845.wav,others
109865.wav,others
109900.wav,others
110046.wav,others
110269.wav,others
110271.wav,others
110351.wav,others
110401.wav,others
110403.wav,others
110603.wav,others
110939.wav,others
110969.wav,others
111016.wav,others
111113.wav,others
111114.wav,others
111315.wav,others
111332.wav,others
111348.wav,others
111708.wav,others
111947.wav,others
112155.wav,others
112690.wav,others
112700.wav,others
113131.wav,door_wood_knock
113138.wav,door_wood_knock
113198.wav,others
113209.wav,others
113253.wav,others
113344.wav,others
113350.wav,others
113521.wav,others
114041.wav,door_wood_knock
114042.wav,door_wood_knock
114049.wav,others
114286.wav,others
114287.wav,others
114450.wav,others
115199.wav,others
115295.wav,others
11582.wav,others
115916.wav,glass_breaking
115922.wav,glass_breaking
116220.wav,others
116225.wav,others
116353.wav,others
116367.wav,others
116370.wav,others
116378.wav,others
116601.wav,others
116602.wav,others
116664.wav,siren
116872.wav,others
116873.wav,others
116888.wav,others
116894.wav,others
116904.wav,others
116985.wav,others
117269.wav,others
117564.wav,others
117572.wav,others
117947.wav,others
117948.wav,others
117950.wav,others
118031.wav,others
118198.wav,glass_breaking
118200.wav,others
118210.wav,others
118223.wav,others
11848.wav,others
11851.wav,others
118515.wav,glass_breaking
118659.wav,others
118716.wav,others
118717.wav,others
119205.wav,others
119220.wav,others
119225.wav,others
119240.wav,others
119246.wav,others
119247.wav,others
119255.wav,others
119271.wav,others
119298.wav,others
119313.wav,others
119330.wav,others
119341.wav,others
119355.wav,others
119364.wav,others
119372.wav,others
119391.wav,others
119394.wav,others
11942.wav,others
119725.wav,others
119930.wav,others
119936.wav,others
120330.wav,door_wood_knock
120331.wav,door_wood_knock
120584.wav,others
120654.wav,others
120879.wav,others
121357.wav,others
121364.wav,others
121465.wav,others
121606.wav,others
121649.wav,others
121750.wav,others
121975.wav,others
122270.wav,others
122893.wav,others
122894.wav,others
122905.wav,others
123012.wav,others
123680.wav,others
123923.wav,others
123934.wav,others
123941.wav,others
123945.wav,others
123953.wav,others
123964.wav,others
124023.wav,others
124030.wav,glass_breaking
124088.wav,others
124810.wav,others
125131.wav,others
125530.wav,others
125565.wav,others
125618.wav,others
125635.wav,others
126272.wav,others
126465.wav,glass_breaking
12676.wav,others
126877.wav,glass_breaking
126878.wav,glass_breaking
127113.wav,others
127115.wav,others
12713.wav,others
127543.wav,glass_breaking
12766.wav,others
12778.wav,others
127826.wav,others
128031.wav,others
128033.wav,others
128297.wav,others
128459.wav,siren
128468.wav,others
12862.wav,others
128631.wav,others
128797.wav,others
128891.wav,others
129160.wav,others
130037.wav,others
130368.wav,others
131012.wav,others
131013.wav,others
131021.wav,others
131529.wav,others
13155.wav,others
131855.wav,others
13201.wav,others
13205.wav,others
132072.wav,others
13208.wav,others
13219.wav,others
132229.wav,others
132232.wav,others
132747.wav,others
132807.wav,others
132939.wav,others
132949.wav,others
132963.wav,others
13315.wav,others
133582.wav,others
133682.wav,others
133702.wav,others
133851.wav,door_wood_knock
133856.wav,others
133889.wav,door_wood_knock
133993.wav,others
13417.wav,others
13420.wav,others
13431.wav,others
13452.wav,others
13454.wav,others
13456.wav,others
13458.wav,others
13472.wav,others
134965.wav,others
13538.wav,others
135691.wav,others
135799.wav,others
13597.wav,others
135987.wav,others
135990.wav,others
136010.wav,others
136251.wav,others
136544.wav,door_wood_knock
136584.wav,others
136587.wav,others
136589.wav,others
136628.wav,others
136651.wav,others
136690.wav,others
136943.wav,others
136956.wav,others
136958.wav,others
137080.wav,others
137083.wav,door_wood_knock
137105.wav,others
137204.wav,others
137475.wav,others
137512.wav,others
137529.wav,others
137533.wav,others
137537.wav,others
137538.wav,others
137539.wav,others
137612.wav,others
137619.wav,others
137621.wav,others
137646.wav,others
137648.wav,others
137651.wav,others
137771.wav,others
137912.wav,others
138058.wav,others
138073.wav,others
138080.wav,others
138081.wav,others
138095.wav,others
138323.wav,door_wood_knock
138338.wav,others
138341.wav,others
13851.wav,others
13862.wav,others
138670.wav,others
138674.wav,others
138676.wav,others
13868.wav,others
138696.wav,others
138710.wav,others
138719.wav,others
138723.wav,others
138726.wav,others
138739.wav,others
138757.wav,others
13878.wav,others
138907.wav,others
138910.wav,others
138914.wav,others
138928.wav,others
13893.wav,others
13955.wav,others
13963.wav,others
139821.wav,others
13996.wav,others
140147.wav,others
140150.wav,others
140589.wav,others
140648.wav,others
140649.wav,others
140670.wav,others
140689.wav,others
140692.wav,others
14104.wav,others
14118.wav,others
141272.wav,others
141366.wav,others
141696.wav,others
141699.wav,others
14186.wav,others
142149.wav,others
142200.wav,others
142264.wav,others
14240.wav,others
142530.wav,others
142652.wav,others
142788.wav,others
14294.wav,others
14295.wav,others
142957.wav,others
14301.wav,others
143047.wav,others
143125.wav,others
143250.wav,others
143498.wav,others
143521.wav,others
143737.wav,others
143785.wav,others
143879.wav,others
143949.wav,others
144265.wav,others
144321.wav,glass_breaking
144448.wav,others
144494.wav,others
144510.wav,door_wood_knock
144599.wav,others
144755.wav,others
144790.wav,others
144942.wav,door_wood_knock
144943.wav,door_wood_knock
144946.wav,door_wood_knock
144947.wav,door_wood_knock
144948.wav,door_wood_knock
144949.wav,door_wood_knock
144950.wav,door_wood_knock
144951.wav,door_wood_knock
144975.wav,others
145084.wav,others
145101.wav,others
145124.wav,others
145209.wav,glass_breaking
145488.wav,others
145558.wav,glass_breaking
145559.wav,glass_breaking
145562.wav,glass_breaking
145563.wav,glass_breaking
145609.wav,others
145653.wav,others
145657.wav,others
145662.wav,others
145850.wav,others
145899.wav,others
145912.wav,others
146205.wav,others
146353.wav,others
146525.wav,others
146624.wav,others
146645.wav,others
146960.wav,others
146964.wav,others
146982.wav,others
147085.wav,others
147107.wav,others
147381.wav,others
14739.wav,others
147535.wav,others
147867.wav,glass_breaking
148073.wav,glass_breaking
148074.wav,glass_breaking
148075.wav,glass_breaking
148252.wav,others
14892.wav,others
148944.wav,door_wood_knock
148945.wav,door_wood_knock
148946.wav,door_wood_knock
148947.wav,door_wood_knock
148949.wav,others
148950.wav,door_wood_knock
148951.wav,door_wood_knock
149164.wav,others
149270.wav,others
14936.wav,others
14949.wav,others
150376.wav,others
150583.wav,others
150598.wav,others
150688.wav,others
150700.wav,others
150743.wav,others
150792.wav,others
150954.wav,others
150959.wav,others
150966.wav,others
150978.wav,others
151081.wav,others
151088.wav,door_wood_knock
151089.wav,door_wood_knock
151121.wav,others
151125.wav,others
151199.wav,others
151240.wav,others
151253.wav,others
151354.wav,others
151373.wav,others
151445.wav,others
151571.wav,others
151575.wav,others
151589.wav,others
151590.wav,others
151597.wav,others
151794.wav,others
151837.wav,others
151876.wav,others
151889.wav,door_wood_knock
151894.wav,door_wood_knock
151930.wav,others
152060.wav,others
152244.wav,others
152298.wav,others
152309.wav,others
152514.wav,others
152689.wav,others
152815.wav,others
152859.wav,others
152911.wav,others
152995.wav,others
153399.wav,others
153558.wav,others
153612.wav,others
153621.wav,others
153622.wav,others
153632.wav,others
153636.wav,others
153637.wav,others
153678.wav,others
153689.wav,others
153711.wav,others
153723.wav,others
153786.wav,others
153792.wav,others
153824.wav,others
153866.wav,others
153887.wav,others
153898.wav,others
153960.wav,others
153987.wav,others
154256.wav,others
154282.wav,others
154304.wav,others
154310.wav,others
154314.wav,others
15439.wav,others
155008.wav,others
155113.wav,others
155197.wav,others
155381.wav,others
15549.wav,others
15562.wav,others
155651.wav,others
156021.wav,others
156110.wav,others
156188.wav,others
156195.wav,others
156212.wav,others
156428.wav,others
156482.wav,others
156578.wav,glass_breaking
156843.wav,others
156868.wav,siren
156892.wav,others
156904.wav,others
156941.wav,others
157446.wav,others
157502.wav,others
157609.wav,others
157737.wav,others
157789.wav,others
157800.wav,others
157963.wav,others
158140.wav,glass_breaking
158142.wav,glass_breaking
158768.wav,others
159090.wav,others
159197.wav,glass_breaking
159248.wav,others
159252.wav,others
159255.wav,others
159277.wav,others
159294.wav,others
159705.wav,others
159708.wav,others
159726.wav,others
159743.wav,siren
159745.wav,siren
159750.wav,siren
159753.wav,siren
159754.wav,siren
159755.wav,siren
160146.wav,others
160435.wav,others
16046.wav,others
160474.wav,others
160537.wav,others
16056.wav,others
160687.wav,others
160759.wav,glass_breaking
16086.wav,others
160869.wav,others
160878.wav,others
161004.wav,others
161114.wav,others
161190.wav,others
161238.wav,others
161309.wav,glass_breaking
161367.wav,others
162022.wav,others
162169.wav,glass_breaking
162208.wav,others
162254.wav,others
162258.wav,others
162265.wav,others
162434.wav,others
162442.wav,others
162443.wav,others
162511.wav,others
162536.wav,others
162661.wav,others
162706.wav,others
162719.wav,siren
162726.wav,others
162892.wav,others
162917.wav,others
162945.wav,others
162946.wav,others
162953.wav,others
162969.wav,others
163008.wav,others
163014.wav,others
163017.wav,others
163018.wav,others
163109.wav,others
163297.wav,others
163364.wav,glass_breaking
16369.wav,others
16381.wav,others
16392.wav,others
164020.wav,others
164328.wav,glass_breaking
164329.wav,glass_breaking
164330.wav,glass_breaking
164332.wav,glass_breaking
164435.wav,others
164539.wav,glass_breaking
164540.wav,glass_breaking
164541.wav,glass_breaking
164542.wav,glass_breaking
164566.wav,door_wood_knock
164567.wav,door_wood_knock
164568.wav,door_wood_knock
164569.wav,door_wood_knock
164571.wav,door_wood_knock
16463.wav,others
16466.wav,others
164786.wav,others
164819.wav,others
164948.wav,others
165166.wav,siren
165391.wav,others
165419.wav,others
165491.wav,others
165523.wav,others
16570.wav,others
166051.wav,others
166099.wav,others
166103.wav,others
166133.wav,others
166233.wav,others
166295.wav,others
166322.wav,others
166510.wav,others
166704.wav,others
16671.wav,others
166712.wav,others
16675.wav,others
166959.wav,others
166968.wav,others
166981.wav,others
167228.wav,others
167533.wav,others
167642.wav,others
168258.wav,siren
168486.wav,others
168621.wav,siren
168797.wav,others
169085.wav,others
169086.wav,others
169110.wav,others
169143.wav,others
169273.wav,others
169850.wav,others
169944.wav,others
169945.wav,others
170574.wav,door_wood_knock
170736.wav,others
170740.wav,others
170750.wav,others
170782.wav,others
170893.wav,others
171025.wav,others
171086.wav,others
171136.wav,door_wood_knock
171269.wav,others
171707.wav,others
171739.wav,others
171957.wav,others
172521.wav,others
172624.wav,others
172892.wav,others
172950.wav,others
173009.wav,others
17301.wav,others
173020.wav,others
173048.wav,others
173557.wav,glass_breaking
173558.wav,glass_breaking
173559.wav,glass_breaking
173560.wav,glass_breaking
173576.wav,glass_breaking
173577.wav,glass_breaking
173579.wav,glass_breaking
173580.wav,glass_breaking
173581.wav,glass_breaking
173585.wav,glass_breaking
173591.wav,glass_breaking
173592.wav,glass_breaking
173593.wav,glass_breaking
173594.wav,glass_breaking
173595.wav,glass_breaking
173600.wav,glass_breaking
173601.wav,glass_breaking
173602.wav,glass_breaking
173604.wav,glass_breaking
173605.wav,glass_breaking
173606.wav,glass_breaking
173607.wav,glass_breaking
173608.wav,glass_breaking
173609.wav,glass_breaking
173610.wav,glass_breaking
173611.wav,glass_breaking
173613.wav,glass_breaking
173614.wav,glass_breaking
173618.wav,glass_breaking
173619.wav,glass_breaking
173621.wav,glass_breaking
173622.wav,glass_breaking
173623.wav,glass_breaking
173746.wav,others
173779.wav,others
173783.wav,others
173820.wav,others
173821.wav,others
173825.wav,others
173979.wav,others
174703.wav,others
174714.wav,others
174747.wav,glass_breaking
174750.wav,glass_breaking
175043.wav,others
175046.wav,others
175271.wav,others
175356.wav,others
175389.wav,others
175417.wav,door_wood_knock
175449.wav,others
175451.wav,others
175453.wav,others
175469.wav,others
175479.wav,others
175483.wav,others
175511.wav,others
175853.wav,others
176468.wav,others
176500.wav,others
176600.wav,others
176602.wav,others
176647.wav,others
176898.wav,others
177059.wav,others
177470.wav,others
177613.wav,others
177680.wav,others
178079.wav,others
178402.wav,others
178435.wav,others
178440.wav,others
178582.wav,glass_breaking
178669.wav,others
178991.wav,door_wood_knock
179227.wav,glass_breaking
179228.wav,glass_breaking
179229.wav,glass_breaking
179230.wav,glass_breaking
179231.wav,glass_breaking
179232.wav,glass_breaking
179233.wav,glass_breaking
179234.wav,glass_breaking
179235.wav,glass_breaking
179236.wav,glass_breaking
179239.wav,glass_breaking
179240.wav,glass_breaking
179241.wav,glass_breaking
179242.wav,glass_breaking
179249.wav,glass_breaking
179250.wav,glass_breaking
179251.wav,glass_breaking
179259.wav,glass_breaking
179263.wav,glass_breaking
179264.wav,glass_breaking
179265.wav,glass_breaking
179725.wav,others
179864.wav,others
179870.wav,others
180147.wav,door_wood_knock
180686.wav,others
180699.wav,others
18070.wav,others
180755.wav,others
180761.wav,others
180763.wav,others
180770.wav,others
180776.wav,others
180778.wav,others
180779.wav,others
180781.wav,others
180784.wav,others
180794.wav,others
180982.wav,others
181376.wav,others
181380.wav,others
181480.wav,others
181485.wav,others
181486.wav,others
181519.wav,others
181575.wav,others
181588.wav,others
181601.wav,siren
181759.wav,others
181951.wav,others
182022.wav,door_wood_knock
182023.wav,door_wood_knock
182024.wav,door_wood_knock
182032.wav,door_wood_knock
182033.wav,door_wood_knock
182034.wav,door_wood_knock
182039.wav,door_wood_knock
182041.wav,door_wood_knock
182043.wav,door_wood_knock
182095.wav,others
182206.wav,others
182323.wav,others
182529.wav,others
182549.wav,others
182550.wav,others
182572.wav,others
182625.wav,others
182790.wav,others
18291.wav,others
182938.wav,others
182961.wav,others
182987.wav,others
182991.wav,others
182996.wav,others
183000.wav,others
183049.wav,others
183080.wav,others
183081.wav,others
183147.wav,others
18325.wav,others
183450.wav,others
183489.wav,others
183601.wav,others
183610.wav,others
18365.wav,others
18370.wav,others
183722.wav,others
183770.wav,others
183771.wav,others
183775.wav,others
183787.wav,others
183789.wav,others
184503.wav,others
184623.wav,siren
184689.wav,others
184725.wav,others
18474.wav,others
184833.wav,others
184871.wav,others
184895.wav,others
185415.wav,others
185711.wav,others
185726.wav,others
185751.wav,others
185755.wav,others
185999.wav,others
186006.wav,others
186039.wav,others
186244.wav,others
186499.wav,others
18665.wav,others
187039.wav,others
187067.wav,others
187097.wav,others
187269.wav,others
187305.wav,others
187772.wav,others
187791.wav,others
187815.wav,others
187822.wav,others
187905.wav,others
18794.wav,others
187975.wav,others
187999.wav,others
18825.wav,others
188276.wav,door_wood_knock
18834.wav,others
188396.wav,others
188510.wav,others
188572.wav,others
188762.wav,others
188878.wav,door_wood_knock
188883.wav,door_wood_knock
18925.wav,others
189369.wav,others
189389.wav,others
189425.wav,others
189536.wav,others
189540.wav,others
189728.wav,others
189778.wav,others
189840.wav,others
189925.wav,others
190020.wav,door_wood_knock
190023.wav,door_wood_knock
190024.wav,door_wood_knock
190025.wav,door_wood_knock
190026.wav,door_wood_knock
190027.wav,door_wood_knock
190080.wav,others
190667.wav,others
191234.wav,others
191433.wav,others
191457.wav,others
19179.wav,others
19189.wav,others
191944.wav,others
19195.wav,others
192054.wav,others
192060.wav,glass_breaking
193591.wav,others
193808.wav,others
193809.wav,others
193810.wav,others
193826.wav,door_wood_knock
193827.wav,door_wood_knock
193828.wav,door_wood_knock
193829.wav,door_wood_knock
193830.wav,door_wood_knock
193831.wav,door_wood_knock
193832.wav,door_wood_knock
193833.wav,door_wood_knock
193834.wav,door_wood_knock
193835.wav,door_wood_knock
193836.wav,door_wood_knock
193837.wav,door_wood_knock
193838.wav,door_wood_knock
193839.wav,door_wood_knock
193840.wav,door_wood_knock
193841.wav,door_wood_knock
193842.wav,door_wood_knock
193843.wav,door_wood_knock
193844.wav,door_wood_knock
193845.wav,door_wood_knock
193846.wav,door_wood_knock
193847.wav,door_wood_knock
193848.wav,door_wood_knock
193849.wav,door_wood_knock
193850.wav,door_wood_knock
193851.wav,door_wood_knock
193852.wav,door_wood_knock
193853.wav,door_wood_knock
193854.wav,door_wood_knock
193855.wav,door_wood_knock
193856.wav,door_wood_knock
193857.wav,door_wood_knock
193858.wav,door_wood_knock
193859.wav,door_wood_knock
193860.wav,door_wood_knock
193861.wav,door_wood_knock
193862.wav,door_wood_knock
193863.wav,door_wood_knock
193864.wav,door_wood_knock
193865.wav,door_wood_knock
193866.wav,door_wood_knock
193867.wav,door_wood_knock
193868.wav,door_wood_knock
193869.wav,door_wood_knock
193870.wav,door_wood_knock
193871.wav,door_wood_knock
193872.wav,door_wood_knock
193873.wav,door_wood_knock
193950.wav,others
193963.wav,others
193975.wav,others
194261.wav,others
194664.wav,others
194682.wav,glass_breaking
194683.wav,glass_breaking
194684.wav,glass_breaking
194685.wav,glass_breaking
19488.wav,others
194914.wav,others
195066.wav,others
195091.wav,others
19529.wav,others
19532.wav,others
19534.wav,others
195456.wav,others
195550.wav,others
195603.wav,others
19562.wav,others
195624.wav,glass_breaking
195782.wav,others
195871.wav,others
195991.wav,others
196081.wav,others
196301.wav,others
196372.wav,doorbell
196844.wav,others
196889.wav,others
196905.wav,others
197274.wav,others
197281.wav,others
197743.wav,others
19778.wav,others
197866.wav,door_wood_knock
198251.wav,others
198252.wav,others
19841.wav,others
198939.wav,others
198987.wav,others
199346.wav,others
199387.wav,others
199418.wav,others
199490.wav,others
199507.wav,others
199906.wav,glass_breaking
199971.wav,others
200024.wav,others
200039.wav,others
200500.wav,others
200525.wav,others
200631.wav,others
201159.wav,others
201194.wav,others
201252.wav,others
201611.wav,siren
201615.wav,others
20174.wav,others
201945.wav,siren
201995.wav,others
201998.wav,others
202093.wav,glass_breaking
202102.wav,others
202187.wav,others
202290.wav,others
202331.wav,others
202418.wav,siren
202489.wav,others
202578.wav,others
202580.wav,others
202586.wav,others
202603.wav,others
20289.wav,others
203003.wav,others
203287.wav,others
203368.wav,glass_breaking
203369.wav,glass_breaking
203370.wav,glass_breaking
203372.wav,glass_breaking
203373.wav,glass_breaking
203374.wav,glass_breaking
203375.wav,glass_breaking
203377.wav,glass_breaking
203379.wav,glass_breaking
203380.wav,glass_breaking
203472.wav,others
203481.wav,others
203538.wav,others
203719.wav,others
203720.wav,siren
204013.wav,others
204115.wav,glass_breaking
204116.wav,glass_breaking
204119.wav,glass_breaking
204120.wav,glass_breaking
204121.wav,glass_breaking
204122.wav,glass_breaking
204123.wav,glass_breaking
204124.wav,glass_breaking
204132.wav,glass_breaking
204133.wav,glass_breaking
204134.wav,glass_breaking
204140.wav,glass_breaking
204141.wav,glass_breaking
204142.wav,glass_breaking
204143.wav,glass_breaking
204144.wav,glass_breaking
204331.wav,others
204449.wav,others
204491.wav,door_wood_knock
204637.wav,others
204685.wav,glass_breaking
204686.wav,glass_breaking
204687.wav,glass_breaking
204688.wav,glass_breaking
204692.wav,glass_breaking
204694.wav,glass_breaking
204695.wav,glass_breaking
204697.wav,glass_breaking
204698.wav,glass_breaking
204699.wav,glass_breaking
204777.wav,glass_breaking
205011.wav,others
205510.wav,others
205610.wav,others
205982.wav,others
20722.wav,others
207305.wav,others
207387.wav,others
207572.wav,others
207935.wav,others
208317.wav,door_wood_knock
208652.wav,siren
208696.wav,glass_breaking
208745.wav,others
208843.wav,others
209220.wav,door_wood_knock
209221.wav,door_wood_knock
209222.wav,door_wood_knock
209223.wav,door_wood_knock
209824.wav,others
209866.wav,others
209922.wav,others
209983.wav,others
210636.wav,others
210681.wav,others
210693.wav,others
211001.wav,others
211003.wav,others
21105.wav,others
211165.wav,others
211394.wav,others
211471.wav,others
211496.wav,door_wood_knock
211497.wav,door_wood_knock
211498.wav,door_wood_knock
211499.wav,door_wood_knock
211501.wav,door_wood_knock
211502.wav,door_wood_knock
211503.wav,door_wood_knock
211542.wav,others
211881.wav,others
21207.wav,others
212113.wav,others
212186.wav,others
212210.wav,others
212303.wav,others
212610.wav,others
212679.wav,others
212698.wav,glass_breaking
212736.wav,others
212848.wav,others
213153.wav,glass_breaking
213154.wav,glass_breaking
213156.wav,glass_breaking
213158.wav,glass_breaking
213159.wav,glass_breaking
213160.wav,glass_breaking
213161.wav,glass_breaking
213162.wav,glass_breaking
213163.wav,glass_breaking
213164.wav,glass_breaking
213165.wav,glass_breaking
213166.wav,glass_breaking
213241.wav,others
213296.wav,others
213297.wav,others
213548.wav,others
213716.wav,others
213717.wav,others
213720.wav,others
213956.wav,others
214336.wav,glass_breaking
214510.wav,others
214629.wav,others
214897.wav,others
215017.wav,others
215021.wav,others
215049.wav,others
215323.wav,others
215335.wav,others
215371.wav,others
215714.wav,others
215999.wav,others
216123.wav,others
216126.wav,others
216226.wav,others
216234.wav,others
216245.wav,others
216279.wav,glass_breaking
216280.wav,glass_breaking
216281.wav,glass_breaking
216282.wav,glass_breaking
216283.wav,glass_breaking
216284.wav,glass_breaking
216286.wav,glass_breaking
216287.wav,glass_breaking
216288.wav,glass_breaking
216289.wav,glass_breaking
216290.wav,glass_breaking
216291.wav,glass_breaking
216292.wav,glass_breaking
216293.wav,glass_breaking
216294.wav,glass_breaking
216296.wav,glass_breaking
216298.wav,glass_breaking
216299.wav,glass_breaking
216317.wav,others
216614.wav,others
216748.wav,glass_breaking
21679.wav,others
21687.wav,others
216904.wav,others
216927.wav,others
216934.wav,others
217380.wav,others
217388.wav,door_wood_knock
21747.wav,others
217796.wav,others
217954.wav,others
218069.wav,others
21820.wav,others
21823.wav,others
21850.wav,others
218777.wav,others
218779.wav,others
218794.wav,others
218875.wav,others
21889.wav,others
218894.wav,others
218980.wav,door_wood_knock
218981.wav,door_wood_knock
218984.wav,door_wood_knock
218985.wav,door_wood_knock
218987.wav,door_wood_knock
218988.wav,door_wood_knock
218989.wav,door_wood_knock
21914.wav,others
219212.wav,others
219221.wav,others
219330.wav,others
219357.wav,others
21939.wav,others
219468.wav,others
219469.wav,others
219661.wav,others
219778.wav,others
219837.wav,glass_breaking
219838.wav,glass_breaking
219842.wav,glass_breaking
219843.wav,glass_breaking
219844.wav,glass_breaking
219845.wav,glass_breaking
219846.wav,glass_breaking
219847.wav,glass_breaking
219882.wav,others
219892.wav,others
219898.wav,others
219929.wav,others
219933.wav,others
219940.wav,glass_breaking
22002.wav,others
220027.wav,others
220058.wav,others
22018.wav,others
220372.wav,others
220657.wav,others
220658.wav,others
221150.wav,others
221528.wav,glass_breaking
221531.wav,glass_breaking
221532.wav,glass_breaking
221533.wav,glass_breaking
221593.wav,others
221639.wav,others
221644.wav,others
221718.wav,others
221726.wav,others
221735.wav,others
221742.wav,others
221907.wav,others
222202.wav,others
222211.wav,others
222219.wav,others
222228.wav,others
222230.wav,others
222233.wav,others
222303.wav,others
222310.wav,others
222311.wav,others
222314.wav,others
222345.wav,others
222353.wav,others
222807.wav,others
222991.wav,door_wood_knock
223017.wav,door_wood_knock
223101.wav,others
223522.wav,others
223552.wav,glass_breaking
223697.wav,others
223824.wav,siren
224710.wav,others
22597.wav,others
226945.wav,others
22865.wav,others
22867.wav,others
229346.wav,others
22952.wav,others
232344.wav,others
232358.wav,others
232443.wav,others
232668.wav,door_wood_knock
232763.wav,others
232834.wav,others
232915.wav,others
232923.wav,door_wood_knock
233092.wav,others
233149.wav,others
233152.wav,others
233302.wav,others
233386.wav,others
233410.wav,others
233413.wav,others
233467.wav,others
233486.wav,door_wood_knock
233577.wav,others
233605.wav,glass_breaking
233606.wav,glass_breaking
233607.wav,glass_breaking
233786.wav,others
233795.wav,door_wood_knock
234088.wav,others
234093.wav,others
234942.wav,others
234947.wav,others
235098.wav,others
235126.wav,others
235175.wav,others
235197.wav,others
235276.wav,others
235377.wav,others
235470.wav,others
235474.wav,others
235754.wav,others
23580.wav,others
236044.wav,others
236092.wav,others
236113.wav,others
236119.wav,others
236126.wav,others
236136.wav,others
236148.wav,others
236169.wav,others
236190.wav,others
236192.wav,others
236194.wav,others
236208.wav,others
236211.wav,others
236230.wav,others
236244.wav,others
236247.wav,others
236250.wav,others
236255.wav,others
236267.wav,others
236268.wav,others
236275.wav,others
236341.wav,others
236345.wav,others
236402.wav,others
236428.wav,others
236430.wav,others
23649.wav,others
236508.wav,others
236512.wav,others
236519.wav,others
236545.wav,others
236558.wav,others
236562.wav,others
236579.wav,others
23662.wav,others
236634.wav,others
236646.wav,others
236681.wav,others
236952.wav,others
237.wav,others
237039.wav,others
237130.wav,others
237324.wav,others
237403.wav,others
23750.wav,siren
237574.wav,others
237730.wav,others
237937.wav,door_wood_knock
237984.wav,others
238147.wav,others
238362.wav,others
238567.wav,others
238576.wav,others
238697.wav,others
238745.wav,others
238797.wav,others
238813.wav,others
238819.wav,others
239042.wav,others
239044.wav,others
239202.wav,others
239203.wav,others
239273.wav,others
23935.wav,others
239424.wav,others
239575.wav,others
239594.wav,others
239658.wav,others
239671.wav,others
239677.wav,others
239696.wav,others
239743.wav,others
239764.wav,others
239767.wav,others
239769.wav,others
239826.wav,others
239861.wav,others
239885.wav,others
239981.wav,others
240139.wav,others
240374.wav,others
240689.wav,others
24092.wav,others
241473.wav,others
241477.wav,others
241517.wav,others
241525.wav,others
241528.wav,others
241539.wav,others
241644.wav,door_wood_knock
241893.wav,others
241899.wav,others
242004.wav,others
242184.wav,door_wood_knock
242241.wav,others
242402.wav,others
242571.wav,others
242574.wav,others
242579.wav,others
242584.wav,others
242645.wav,others
242981.wav,others
24332.wav,others
24333.wav,others
243398.wav,others
243548.wav,others
243607.wav,doorbell
24365.wav,others
243798.wav,others
244238.wav,glass_breaking
244609.wav,others
24469.wav,others
244932.wav,others
244999.wav,others
245065.wav,others
245167.wav,glass_breaking
245410.wav,glass_breaking
245424.wav,others
245581.wav,others
245673.wav,others
245692.wav,others
245704.wav,others
245782.wav,others
245794.wav,others
245908.wav,others
246224.wav,others
246273.wav,glass_breaking
24639.wav,others
246655.wav,others
246657.wav,others
246726.wav,others
246737.wav,others
246745.wav,others
246752.wav,others
246762.wav,others
246785.wav,others
246823.wav,others
246832.wav,others
246845.wav,others
246887.wav,others
246906.wav,others
246922.wav,others
24696.wav,others
246987.wav,others
247043.wav,others
247084.wav,others
247085.wav,others
247130.wav,others
247192.wav,others
247197.wav,others
247235.wav,others
247323.wav,others
247360.wav,others
247368.wav,others
247415.wav,others
247484.wav,others
247508.wav,others
247540.wav,others
247596.wav,others
247598.wav,others
247641.wav,others
247663.wav,others
247667.wav,others
247694.wav,others
247735.wav,others
247774.wav,others
247790.wav,others
247825.wav,others
247847.wav,others
247880.wav,others
247921.wav,others
247987.wav,others
248000.wav,others
248103.wav,others
248362.wav,others
248437.wav,others
248498.wav,others
248572.wav,others
248638.wav,others
248666.wav,others
248686.wav,others
248696.wav,others
248782.wav,others
248805.wav,others
248816.wav,others
248866.wav,others
248897.wav,others
248938.wav,others
248957.wav,others
248977.wav,others
248983.wav,others
249001.wav,others
249067.wav,others
249073.wav,others
249111.wav,others
249112.wav,others
24915.wav,others
249522.wav,others
249646.wav,others
249711.wav,others
24974.wav,others
249873.wav,glass_breaking
249874.wav,glass_breaking
250080.wav,others
250229.wav,others
250391.wav,others
250539.wav,door_wood_knock
25062.wav,others
250653.wav,others
250709.wav,glass_breaking
250710.wav,glass_breaking
251047.wav,others
251070.wav,others
251163.wav,others
251424.wav,door_wood_knock
251426.wav,door_wood_knock
251583.wav,others
251885.wav,others
251960.wav,others
251965.wav,others
252224.wav,others
252231.wav,others
252241.wav,others
252257.wav,others
252371.wav,others
252556.wav,others
252784.wav,others
252808.wav,others
253316.wav,others
253649.wav,others
253715.wav,others
253766.wav,others
253853.wav,others
253973.wav,others
253984.wav,others
254302.wav,others
254335.wav,others
254394.wav,others
254423.wav,others
254467.wav,others
254559.wav,others
254560.wav,others
254583.wav,others
254626.wav,others
254721.wav,glass_breaking
254834.wav,others
254894.wav,others
254993.wav,glass_breaking
255114.wav,glass_breaking
255182.wav,glass_breaking
255418.wav,others
255686.wav,others
255880.wav,others
256205.wav,others
256344.wav,others
256345.wav,others
256361.wav,others
256386.wav,others
256389.wav,others
256417.wav,others
256469.wav,siren
256512.wav,door_wood_knock
256513.wav,door_wood_knock
256684.wav,others
256777.wav,others
256842.wav,others
256860.wav,others
256863.wav,others
256864.wav,others
256993.wav,glass_breaking
257024.wav,others
257496.wav,glass_breaking
257791.wav,glass_breaking
257897.wav,others
257916.wav,others
258056.wav,others
258169.wav,siren
258193.wav,others
25888.wav,others
259170.wav,others
259181.wav,door_wood_knock
259300.wav,others
259974.wav,others
260118.wav,others
260432.wav,glass_breaking
260433.wav,glass_breaking
260434.wav,glass_breaking
260476.wav,others
260610.wav,others
260611.wav,others
260623.wav,others
260831.wav,others
260959.wav,others
26097.wav,others
261007.wav,others
261056.wav,others
261092.wav,others
26128.wav,others
261300.wav,others
26143.wav,others
261460.wav,others
261589.wav,siren
261593.wav,siren
261597.wav,others
262005.wav,others
262017.wav,others
262053.wav,others
262278.wav,siren
262601.wav,others
262611.wav,others
262853.wav,others
262976.wav,others
263155.wav,others
26322.wav,others
26348.wav,others
263610.wav,others
263668.wav,others
2638.wav,others
263945.wav,others
263947.wav,others
263948.wav,others
263950.wav,others
263964.wav,others
2640.wav,others
264101.wav,others
264153.wav,others
264154.wav,others
264787.wav,others
264978.wav,others
264988.wav,others
265003.wav,door_wood_knock
265338.wav,others
265625.wav,others
265638.wav,others
265968.wav,door_wood_knock
266025.wav,others
266439.wav,others
26648.wav,others
26655.wav,others
266600.wav,door_wood_knock
266848.wav,others
266990.wav,others
267087.wav,others
267102.wav,others
267199.wav,others
267245.wav,others
267318.wav,others
267324.wav,others
267530.wav,others
267931.wav,door_wood_knock
267969.wav,others
267976.wav,others
268018.wav,others
268126.wav,door_wood_knock
268221.wav,siren
268257.wav,others
268565.wav,others
268649.wav,others
26867.wav,others
268674.wav,others
26869.wav,others
268809.wav,siren
268826.wav,others
268833.wav,others
268869.wav,others
26900.wav,others
269289.wav,others
269310.wav,others
269313.wav,others
269329.wav,others
269476.wav,others
269480.wav,others
269517.wav,others
269518.wav,others
26961.wav,others
269904.wav,others
269935.wav,others
270133.wav,others
270226.wav,others
270242.wav,others
270385.wav,others
270442.wav,others
270488.wav,others
270493.wav,others
270515.wav,glass_breaking
270516.wav,glass_breaking
270517.wav,glass_breaking
270518.wav,glass_breaking
270811.wav,glass_breaking
270815.wav,glass_breaking
270816.wav,glass_breaking
270873.wav,others
271069.wav,others
271335.wav,others
271407.wav,others
271472.wav,others
271513.wav,others
271968.wav,others
272020.wav,others
272031.wav,others
272065.wav,glass_breaking
27243.wav,others
272489.wav,glass_breaking
272554.wav,others
273104.wav,others
273109.wav,others
273111.wav,others
273187.wav,others
273349.wav,others
273394.wav,others
273400.wav,others
273409.wav,others
273647.wav,glass_breaking
273719.wav,doorbell
273750.wav,siren
273875.wav,others
273876.wav,others
273885.wav,others
274023.wav,others
274054.wav,others
274056.wav,others
274060.wav,others
274072.wav,others
274141.wav,others
274216.wav,others
274289.wav,others
27451.wav,others
274590.wav,others
274594.wav,others
274636.wav,others
274679.wav,others
274814.wav,door_wood_knock
274939.wav,door_wood_knock
274941.wav,others
274943.wav,door_wood_knock
275002.wav,others
275297.wav,others
275375.wav,others
275443.wav,others
275567.wav,doorbell
275598.wav,others
275891.wav,others
275911.wav,door_wood_knock
275912.wav,door_wood_knock
276135.wav,others
276177.wav,others
276196.wav,others
276226.wav,others
276291.wav,others
276306.wav,others
276318.wav,others
276319.wav,others
276756.wav,others
276803.wav,others
276923.wav,others
276938.wav,glass_breaking
276939.wav,glass_breaking
277125.wav,others
277205.wav,others
277507.wav,others
277508.wav,siren
277516.wav,others
277547.wav,others
277553.wav,others
277754.wav,others
278121.wav,others
278152.wav,glass_breaking
27882.wav,others
278927.wav,others
278930.wav,others
28011.wav,others
281.wav,others
28426.wav,siren
28435.wav,others
28490.wav,others
28620.wav,others
28657.wav,others
29624.wav,others
29649.wav,others
29690.wav,others
29780.wav,others
29796.wav,others
29884.wav,others
29888.wav,others
29892.wav,others
29943.wav,others
30024.wav,others
30038.wav,others
30041.wav,others
30342.wav,others
30368.wav,glass_breaking
30627.wav,others
31231.wav,others
31245.wav,others
31313.wav,others
31345.wav,others
31356.wav,others
31371.wav,door_wood_knock
31376.wav,others
31482.wav,siren
31483.wav,others
315735.wav,others
315758.wav,siren
315833.wav,others
315935.wav,door_wood_knock
316504.wav,others
316576.wav,others
316577.wav,others
316594.wav,others
316645.wav,others
316687.wav,others
316689.wav,others
316907.wav,others
316910.wav,others
316917.wav,others
316926.wav,others
317460.wav,others
317656.wav,others
31782.wav,others
317971.wav,others
318087.wav,others
318088.wav,others
318089.wav,others
31834.wav,others
318614.wav,door_wood_knock
318931.wav,others
318991.wav,others
319218.wav,others
319230.wav,others
319631.wav,others
319691.wav,others
319751.wav,siren
319766.wav,others
319812.wav,others
320128.wav,glass_breaking
320135.wav,others
320322.wav,others
3205.wav,others
320767.wav,siren
321139.wav,glass_breaking
321143.wav,glass_breaking
321153.wav,others
321543.wav,others
32185.wav,others
321889.wav,others
321959.wav,others
321975.wav,others
322128.wav,others
32214.wav,others
322205.wav,siren
322482.wav,others
322489.wav,others
322490.wav,others
322522.wav,others
322602.wav,glass_breaking
322603.wav,glass_breaking
322951.wav,others
32296.wav,door_wood_knock
32297.wav,door_wood_knock
32298.wav,door_wood_knock
323016.wav,others
323041.wav,others
323077.wav,glass_breaking
323266.wav,others
323316.wav,others
323419.wav,others
323448.wav,others
323481.wav,door_wood_knock
323711.wav,others
323809.wav,others
324052.wav,others
324060.wav,others
324188.wav,others
324192.wav,others
324228.wav,others
324275.wav,siren
324311.wav,others
324318.wav,others
324384.wav,others
324538.wav,others
324579.wav,siren
324586.wav,others
324621.wav,others
324645.wav,glass_breaking
324895.wav,others
325213.wav,door_wood_knock
325228.wav,door_wood_knock
325229.wav,door_wood_knock
325331.wav,others
325394.wav,others
325406.wav,others
325474.wav,others
325615.wav,others
325667.wav,others
325887.wav,others
325928.wav,others
325994.wav,others
32601.wav,others
32605.wav,others
326074.wav,siren
326167.wav,others
32625.wav,others
326422.wav,glass_breaking
326533.wav,others
326759.wav,others
326848.wav,others
326851.wav,others
326904.wav,others
327123.wav,others
327452.wav,others
327591.wav,glass_breaking
32777.wav,others
32797.wav,others
328376.wav,others
328611.wav,glass_breaking
328729.wav,others
328734.wav,others
328746.wav,others
329018.wav,door_wood_knock
329053.wav,others
329061.wav,others
329505.wav,others
329588.wav,others
329611.wav,others
329777.wav,others
330265.wav,others
330660.wav,others
330709.wav,others
330757.wav,others
330816.wav,others
330934.wav,others
331063.wav,others
33123.wav,others
33153.wav,others
33155.wav,others
33161.wav,others
331800.wav,others
331897.wav,others
332014.wav,others
332115.wav,others
332290.wav,others
332291.wav,others
332312.wav,others
332319.wav,others
332438.wav,others
332500.wav,others
332503.wav,others
332918.wav,siren
333010.wav,others
333028.wav,others
333034.wav,others
333449.wav,others
333719.wav,others
333721.wav,others
333722.wav,others
333732.wav,others
333761.wav,others
333769.wav,others
33395.wav,others
334043.wav,door_wood_knock
334148.wav,others
334208.wav,others
334490.wav,others
334620.wav,others
334962.wav,others
334966.wav,others
33509.wav,others
33514.wav,others
335181.wav,others
335224.wav,doorbell
335248.wav,others
335517.wav,others
335752.wav,others
335759.wav,others
335936.wav,others
335949.wav,others
335951.wav,others
335988.wav,door_wood_knock
335994.wav,others
336068.wav,others
336196.wav,others
336199.wav,others
336202.wav,others
336390.wav,door_wood_knock
336391.wav,door_wood_knock
336392.wav,door_wood_knock
336487.wav,others
33649.wav,others
336514.wav,others
336538.wav,others
336581.wav,others
336593.wav,others
336615.wav,others
336624.wav,others
336628.wav,others
33673.wav,others
336891.wav,others
336894.wav,siren
336997.wav,others
337097.wav,others
33726.wav,others
337278.wav,others
337359.wav,others
337367.wav,others
337399.wav,others
337432.wav,others
337475.wav,others
337479.wav,others
337486.wav,others
337500.wav,others
337509.wav,others
338049.wav,others
338089.wav,others
338090.wav,others
338093.wav,others
338182.wav,others
338973.wav,siren
33931.wav,others
339808.wav,others
340224.wav,others
340245.wav,others
340252.wav,others
340457.wav,others
340512.wav,others
340559.wav,others
340619.wav,others
340640.wav,others
34067.wav,others
340684.wav,others
340693.wav,others
340699.wav,others
340700.wav,others
340713.wav,others
34074.wav,others
340926.wav,others
341012.wav,others
341038.wav,others
341113.wav,others
341197.wav,others
34136.wav,others
341509.wav,others
34153.wav,others
341896.wav,others
341917.wav,others
341930.wav,others
342262.wav,others
342263.wav,others
342339.wav,others
342526.wav,others
342551.wav,door_wood_knock
342552.wav,door_wood_knock
34280.wav,siren
343069.wav,others
343072.wav,others
343078.wav,others
343369.wav,others
343877.wav,others
343939.wav,others
343944.wav,others
343987.wav,others
344000.wav,others
344030.wav,others
344031.wav,others
344224.wav,others
344265.wav,glass_breaking
344266.wav,glass_breaking
344267.wav,glass_breaking
344268.wav,glass_breaking
344269.wav,glass_breaking
344270.wav,glass_breaking
344271.wav,glass_breaking
344272.wav,glass_breaking
344358.wav,others
344557.wav,others
344781.wav,others
344902.wav,others
345032.wav,others
345049.wav,others
345336.wav,others
345465.wav,others
345474.wav,door_wood_knock
345519.wav,others
345724.wav,others
34614.wav,others
346152.wav,others
346154.wav,others
346300.wav,others
346489.wav,others
346518.wav,others
346672.wav,others
346678.wav,others
346786.wav,others
346812.wav,others
346903.wav,others
346957.wav,others
347318.wav,others
347320.wav,others
34733.wav,siren
347385.wav,others
347496.wav,glass_breaking
347586.wav,others
34777.wav,others
347900.wav,others
347915.wav,others
34805.wav,others
348106.wav,glass_breaking
348266.wav,others
348279.wav,others
34859.wav,door_wood_knock
34874.wav,others
348820.wav,others
348877.wav,others
348905.wav,others
348907.wav,others
349076.wav,others
349102.wav,others
349136.wav,others
349139.wav,others
349240.wav,glass_breaking
349242.wav,door_wood_knock
349243.wav,door_wood_knock
349244.wav,door_wood_knock
349245.wav,door_wood_knock
349284.wav,door_wood_knock
349285.wav,door_wood_knock
349286.wav,door_wood_knock
349287.wav,door_wood_knock
349288.wav,door_wood_knock
349289.wav,door_wood_knock
349290.wav,door_wood_knock
349291.wav,door_wood_knock
349292.wav,door_wood_knock
349293.wav,door_wood_knock
349294.wav,door_wood_knock
349295.wav,door_wood_knock
349296.wav,door_wood_knock
349297.wav,door_wood_knock
349298.wav,door_wood_knock
349299.wav,door_wood_knock
34930.wav,others
349301.wav,door_wood_knock
349302.wav,door_wood_knock
349303.wav,door_wood_knock
349304.wav,door_wood_knock
349305.wav,door_wood_knock
349306.wav,door_wood_knock
349307.wav,door_wood_knock
349308.wav,door_wood_knock
349309.wav,door_wood_knock
349310.wav,door_wood_knock
34952.wav,siren
349789.wav,others
349802.wav,others
349825.wav,others
349905.wav,glass_breaking
34991.wav,others
350005.wav,others
35018.wav,others
350438.wav,others
350963.wav,others
351141.wav,others
351161.wav,others
351393.wav,others
352179.wav,others
352193.wav,others
352195.wav,others
352201.wav,others
352284.wav,others
352331.wav,glass_breaking
352391.wav,others
352584.wav,others
352658.wav,others
352663.wav,others
352669.wav,others
352709.wav,others
352841.wav,others
352961.wav,others
352962.wav,others
353222.wav,others
353265.wav,siren
353407.wav,others
353442.wav,others
353454.wav,others
353538.wav,others
353550.wav,others
353626.wav,glass_breaking
353649.wav,others
353650.wav,others
353799.wav,others
353928.wav,glass_breaking
353953.wav,others
353954.wav,others
353956.wav,siren
353978.wav,others
354200.wav,others
354212.wav,others
354216.wav,others
354229.wav,others
354230.wav,others
354231.wav,others
354245.wav,others
354248.wav,others
354282.wav,others
354284.wav,others
354300.wav,others
354314.wav,others
354315.wav,others
354321.wav,others
354390.wav,others
354410.wav,others
354413.wav,others
354454.wav,others
354541.wav,others
35458.wav,others
354582.wav,others
354584.wav,others
354595.wav,others
354621.wav,others
354624.wav,others
354667.wav,others
354681.wav,others
354690.wav,others
354781.wav,others
354841.wav,others
354862.wav,others
354877.wav,others
354962.wav,others
355080.wav,others
355103.wav,others
355140.wav,others
355165.wav,others
355214.wav,others
355216.wav,others
355219.wav,others
355231.wav,others
355252.wav,others
355269.wav,others
355282.wav,others
355290.wav,others
355293.wav,others
355311.wav,others
355317.wav,others
355340.wav,glass_breaking
355771.wav,others
355812.wav,others
355818.wav,others
355856.wav,others
355901.wav,others
355925.wav,others
355926.wav,others
355955.wav,others
355961.wav,others
355980.wav,others
356064.wav,others
356122.wav,others
356140.wav,others
356153.wav,others
356241.wav,others
35628.wav,others
356360.wav,others
356501.wav,others
356518.wav,others
356592.wav,others
356640.wav,others
356669.wav,others
356680.wav,others
356691.wav,others
356698.wav,others
356703.wav,others
356741.wav,others
356745.wav,others
356755.wav,others
356770.wav,others
356790.wav,others
356885.wav,others
356959.wav,others
356965.wav,others
357035.wav,others
357074.wav,others
357085.wav,others
357138.wav,others
357225.wav,others
357298.wav,others
357345.wav,others
357347.wav,others
357362.wav,others
357371.wav,others
357379.wav,others
357416.wav,others
357474.wav,others
357486.wav,others
357487.wav,others
357501.wav,others
357502.wav,others
357513.wav,others
357517.wav,others
357542.wav,others
357554.wav,others
357560.wav,others
357625.wav,others
357725.wav,others
357756.wav,others
357779.wav,others
357832.wav,others
357925.wav,others
358021.wav,others
358042.wav,others
358054.wav,others
358081.wav,others
358094.wav,others
358104.wav,others
358107.wav,others
358154.wav,others
358197.wav,others
358211.wav,others
358231.wav,others
358240.wav,others
358312.wav,others
358327.wav,others
358330.wav,others
358344.wav,others
358347.wav,others
358432.wav,others
358458.wav,others
358802.wav,others
358895.wav,others
359062.wav,others
359126.wav,glass_breaking
359268.wav,others
359274.wav,others
359337.wav,others
359365.wav,others
359392.wav,others
359428.wav,others
359464.wav,others
359481.wav,others
359494.wav,others
359529.wav,others
359550.wav,others
359573.wav,others
359628.wav,others
359799.wav,others
359825.wav,others
359859.wav,others
360045.wav,others
360091.wav,others
360146.wav,others
360152.wav,others
360198.wav,others
360234.wav,others
360410.wav,glass_breaking
36044.wav,others
360481.wav,door_wood_knock
360484.wav,others
360682.wav,others
360733.wav,others
360802.wav,others
361154.wav,others
361186.wav,others
361382.wav,others
361403.wav,others
361454.wav,others
361724.wav,others
361730.wav,others
361763.wav,others
361772.wav,others
361924.wav,others
362183.wav,others
362205.wav,others
362234.wav,others
362235.wav,others
362238.wav,glass_breaking
362310.wav,glass_breaking
362311.wav,others
362314.wav,others
362500.wav,others
362633.wav,door_wood_knock
363104.wav,others
363241.wav,others
363631.wav,others
363691.wav,others
363771.wav,others
363868.wav,others
364654.wav,others
364662.wav,others
364678.wav,door_wood_knock
364680.wav,door_wood_knock
364732.wav,others
364907.wav,others
364911.wav,siren
365076.wav,others
365090.wav,others
365408.wav,others
365490.wav,others
365492.wav,others
365666.wav,door_wood_knock
365668.wav,others
365777.wav,others
365789.wav,others
365843.wav,others
365902.wav,door_wood_knock
365907.wav,door_wood_knock
365917.wav,others
366090.wav,others
366120.wav,others
366169.wav,others
366179.wav,glass_breaking
366329.wav,door_wood_knock
366793.wav,others
366812.wav,others
366969.wav,others
367085.wav,others
367129.wav,door_wood_knock
367143.wav,others
367624.wav,glass_breaking
367770.wav,glass_breaking
368070.wav,others
368283.wav,others
368324.wav,glass_breaking
368328.wav,glass_breaking
368330.wav,glass_breaking
368331.wav,glass_breaking
368333.wav,glass_breaking
368334.wav,glass_breaking
368335.wav,glass_breaking
368336.wav,glass_breaking
368337.wav,glass_breaking
368338.wav,glass_breaking
368341.wav,glass_breaking
368342.wav,glass_breaking
368343.wav,glass_breaking
368344.wav,glass_breaking
368345.wav,glass_breaking
368347.wav,glass_breaking
368350.wav,glass_breaking
368352.wav,glass_breaking
368354.wav,glass_breaking
368355.wav,glass_breaking
368356.wav,glass_breaking
368365.wav,others
368416.wav,others
368795.wav,others
368905.wav,glass_breaking
368919.wav,others
368944.wav,glass_breaking
36900.wav,others
369049.wav,others
369051.wav,others
369053.wav,others
369064.wav,others
36939.wav,others
369395.wav,others
369639.wav,others
369834.wav,others
369842.wav,others
370027.wav,others
370304.wav,others
370899.wav,door_wood_knock
370913.wav,door_wood_knock
370916.wav,door_wood_knock
370919.wav,doorbell
370920.wav,door_wood_knock
371027.wav,others
371041.wav,others
371091.wav,glass_breaking
371092.wav,glass_breaking
371093.wav,glass_breaking
371234.wav,others
371330.wav,others
371489.wav,others
371661.wav,door_wood_knock
371716.wav,others
371782.wav,doorbell
371786.wav,glass_breaking
371920.wav,others
372251.wav,siren
37228.wav,others
372331.wav,others
372378.wav,others
372422.wav,others
372525.wav,others
372535.wav,others
372546.wav,others
372548.wav,others
372619.wav,others
372625.wav,others
372635.wav,others
372639.wav,others
372641.wav,others
372646.wav,others
372650.wav,others
372663.wav,others
372664.wav,others
372672.wav,others
372674.wav,others
372720.wav,others
372722.wav,others
372747.wav,others
372768.wav,others
372771.wav,others
372901.wav,others
372917.wav,door_wood_knock
372919.wav,glass_breaking
372923.wav,others
372929.wav,others
37311.wav,others
373196.wav,others
373222.wav,others
373244.wav,others
373288.wav,others
373338.wav,others
373356.wav,others
373360.wav,others
37351.wav,others
373559.wav,others
373622.wav,others
373642.wav,others
373652.wav,others
373655.wav,others
373659.wav,others
373662.wav,others
373682.wav,others
373684.wav,others
373702.wav,others
373716.wav,others
373723.wav,others
373728.wav,others
373871.wav,others
373873.wav,others
373880.wav,others
373885.wav,others
373901.wav,others
373915.wav,others
373926.wav,others
373929.wav,others
373964.wav,others
373996.wav,others
374022.wav,others
374073.wav,others
374140.wav,others
374198.wav,others
374202.wav,others
374251.wav,others
374378.wav,others
374443.wav,others
374485.wav,others
374500.wav,others
374518.wav,others
374519.wav,others
374525.wav,others
374563.wav,others
374606.wav,others
374738.wav,others
374753.wav,others
374761.wav,others
374828.wav,others
374932.wav,others
374978.wav,others
375026.wav,others
375058.wav,others
375068.wav,others
375349.wav,others
37542.wav,others
375541.wav,others
375552.wav,others
375555.wav,others
375614.wav,others
376197.wav,glass_breaking
376316.wav,others
376770.wav,others
377030.wav,others
377048.wav,others
377125.wav,siren
377126.wav,siren
377344.wav,others
377390.wav,others
377429.wav,others
377496.wav,others
377500.wav,door_wood_knock
377634.wav,others
377642.wav,others
377649.wav,others
377720.wav,others
377721.wav,others
377982.wav,others
378173.wav,others
378274.wav,others
378285.wav,glass_breaking
378286.wav,others
378289.wav,glass_breaking
378321.wav,glass_breaking
378339.wav,others
378340.wav,others
378401.wav,others
378584.wav,others
378709.wav,others
378714.wav,others
378740.wav,door_wood_knock
378742.wav,door_wood_knock
379015.wav,glass_breaking
379019.wav,others
379045.wav,others
379066.wav,others
379079.wav,others
37915.wav,others
379263.wav,others
379384.wav,others
379389.wav,others
379468.wav,others
379748.wav,others
37992.wav,others
379969.wav,others
380029.wav,others
380044.wav,others
380280.wav,others
38031.wav,others
380682.wav,others
380801.wav,others
380840.wav,glass_breaking
380886.wav,others
381215.wav,others
381321.wav,others
381459.wav,others
381468.wav,others
381473.wav,others
381476.wav,others
381477.wav,others
381480.wav,others
381957.wav,siren
382005.wav,others
382301.wav,others
382335.wav,others
382350.wav,others
382389.wav,others
382487.wav,others
382502.wav,others
382529.wav,others
382539.wav,others
382543.wav,others
382547.wav,others
382620.wav,siren
382645.wav,others
382658.wav,others
382793.wav,others
382815.wav,others
382829.wav,others
382832.wav,others
382840.wav,others
382846.wav,others
382859.wav,others
382862.wav,others
382869.wav,others
382871.wav,others
382881.wav,others
382890.wav,others
382966.wav,others
38336.wav,others
383548.wav,others
383561.wav,others
383575.wav,others
383579.wav,others
383599.wav,others
383610.wav,others
383628.wav,others
383664.wav,others
383667.wav,others
383669.wav,others
383679.wav,others
383698.wav,others
383978.wav,glass_breaking
383988.wav,glass_breaking
384155.wav,others
38471.wav,others
38573.wav,others
38574.wav,others
385930.wav,others
386127.wav,others
386196.wav,others
386263.wav,others
386264.wav,others
386269.wav,others
386270.wav,others
386293.wav,others
386297.wav,others
386299.wav,others
386521.wav,others
386528.wav,others
386537.wav,others
386544.wav,others
386553.wav,others
386554.wav,others
386573.wav,others
386664.wav,others
386923.wav,others
387020.wav,others
387177.wav,glass_breaking
387349.wav,glass_breaking
387398.wav,others
387485.wav,others
387756.wav,others
387759.wav,others
387765.wav,others
387766.wav,others
387770.wav,others
387777.wav,others
387829.wav,others
388284.wav,others
388683.wav,others
388725.wav,others
388972.wav,siren
389427.wav,others
389458.wav,others
389509.wav,others
389539.wav,others
389548.wav,others
389594.wav,others
389609.wav,others
389654.wav,others
389702.wav,others
389793.wav,glass_breaking
389798.wav,door_wood_knock
389804.wav,glass_breaking
390139.wav,others
390156.wav,others
390256.wav,others
390621.wav,others
390663.wav,others
390700.wav,glass_breaking
390701.wav,glass_breaking
390702.wav,glass_breaking
390703.wav,glass_breaking
390704.wav,glass_breaking
390705.wav,glass_breaking
390706.wav,glass_breaking
390707.wav,glass_breaking
390708.wav,glass_breaking
390709.wav,glass_breaking
390714.wav,glass_breaking
390715.wav,glass_breaking
390716.wav,glass_breaking
390718.wav,glass_breaking
390719.wav,glass_breaking
390720.wav,glass_breaking
390721.wav,glass_breaking
390722.wav,glass_breaking
390723.wav,glass_breaking
390725.wav,glass_breaking
390726.wav,glass_breaking
390727.wav,glass_breaking
390728.wav,glass_breaking
390729.wav,glass_breaking
390786.wav,others
391175.wav,others
391253.wav,others
391502.wav,others
391503.wav,others
391683.wav,others
391969.wav,others
392056.wav,others
392396.wav,others
392398.wav,others
392573.wav,others
392668.wav,others
392801.wav,siren
393455.wav,others
393458.wav,others
393462.wav,others
393479.wav,others
393662.wav,siren
393665.wav,siren
393666.wav,siren
393667.wav,siren
393924.wav,others
393938.wav,others
394127.wav,others
394128.wav,others
39413.wav,others
394142.wav,others
394415.wav,others
394436.wav,others
394437.wav,others
394439.wav,others
394446.wav,others
394608.wav,others
394911.wav,others
394945.wav,others
395042.wav,others
395105.wav,others
395280.wav,others
395282.wav,door_wood_knock
395639.wav,others
395772.wav,others
396271.wav,others
396280.wav,door_wood_knock
396327.wav,others
396891.wav,others
397061.wav,others
397915.wav,others
398039.wav,others
398108.wav,others
398121.wav,others
398271.wav,others
398272.wav,others
398515.wav,others
398703.wav,others
398736.wav,others
398764.wav,others
398778.wav,others
398881.wav,others
398892.wav,others
398960.wav,others
398984.wav,others
399045.wav,others
399051.wav,others
399089.wav,others
39912.wav,others
399184.wav,others
399471.wav,others
399475.wav,others
399622.wav,others
399663.wav,door_wood_knock
399664.wav,door_wood_knock
399665.wav,door_wood_knock
399752.wav,others
399755.wav,others
399758.wav,others
400388.wav,others
400726.wav,others
400753.wav,others
401126.wav,others
401139.wav,others
401257.wav,others
401554.wav,others
401619.wav,glass_breaking
402443.wav,door_wood_knock
402464.wav,others
402465.wav,others
402523.wav,others
40254.wav,others
40271.wav,others
40279.wav,others
40282.wav,others
403026.wav,others
403315.wav,others
403473.wav,others
403936.wav,others
40410.wav,others
40417.wav,others
40420.wav,others
40421.wav,others
404235.wav,others
404241.wav,others
40443.wav,others
404431.wav,others
40445.wav,others
404540.wav,others
40476.wav,others
40479.wav,others
40486.wav,others
40508.wav,others
40518.wav,others
40528.wav,others
405477.wav,others
405525.wav,others
405566.wav,others
405623.wav,others
405633.wav,others
405634.wav,others
405651.wav,others
405755.wav,others
405904.wav,others
405920.wav,others
406073.wav,others
406074.wav,others
406166.wav,others
40620.wav,others
406250.wav,others
406256.wav,glass_breaking
406257.wav,glass_breaking
406271.wav,others
406278.wav,others
406387.wav,others
406438.wav,others
406498.wav,others
406688.wav,others
406777.wav,others
407011.wav,others
407393.wav,others
407529.wav,others
407538.wav,others
407647.wav,others
407723.wav,others
407839.wav,others
408052.wav,others
408218.wav,glass_breaking
408235.wav,others
408538.wav,others
408747.wav,others
408762.wav,others
408785.wav,others
408788.wav,door_wood_knock
409095.wav,others
409645.wav,others
40968.wav,others
410390.wav,others
410471.wav,others
410629.wav,others
410633.wav,others
410642.wav,others
410643.wav,others
410646.wav,others
410666.wav,others
410676.wav,others
410762.wav,others
410763.wav,door_wood_knock
410825.wav,siren
410827.wav,door_wood_knock
411059.wav,others
411515.wav,doorbell
411691.wav,others
411846.wav,others
412054.wav,glass_breaking
412375.wav,door_wood_knock
412376.wav,door_wood_knock
412381.wav,door_wood_knock
412855.wav,door_wood_knock
412856.wav,door_wood_knock
412857.wav,door_wood_knock
412858.wav,door_wood_knock
413120.wav,others
413270.wav,door_wood_knock
413271.wav,door_wood_knock
41348.wav,glass_breaking
413566.wav,others
413720.wav,others
41385.wav,others
413861.wav,others
413863.wav,others
413874.wav,others
413904.wav,others
414040.wav,others
41420.wav,others
414320.wav,others
414541.wav,others
414566.wav,others
414571.wav,others
414574.wav,others
414632.wav,others
414649.wav,others
414751.wav,others
414785.wav,others
414819.wav,others
414942.wav,door_wood_knock
414977.wav,others
415060.wav,others
415137.wav,others
415287.wav,others
415333.wav,others
415406.wav,others
415422.wav,others
415427.wav,others
415439.wav,others
415441.wav,others
415485.wav,others
416414.wav,others
41658.wav,others
416643.wav,others
416655.wav,others
416662.wav,others
416677.wav,others
416678.wav,others
416701.wav,others
416856.wav,others
416967.wav,others
417457.wav,others
41749.wav,others
417695.wav,others
417710.wav,others
417720.wav,others
417741.wav,others
417742.wav,others
417936.wav,others
418153.wav,others
419007.wav,others
419008.wav,others
419097.wav,others
419114.wav,others
419694.wav,others
41985.wav,others
41988.wav,others
420300.wav,others
420310.wav,others
420312.wav,others
420356.wav,glass_breaking
420450.wav,others
420692.wav,others
420931.wav,others
420938.wav,others
421.wav,others
421017.wav,siren
421134.wav,others
42135.wav,others
421596.wav,others
422.wav,others
422070.wav,others
422078.wav,others
4221.wav,others
422372.wav,others
422639.wav,door_wood_knock
422640.wav,door_wood_knock
422652.wav,others
422718.wav,others
422814.wav,others
422856.wav,others
422864.wav,others
422919.wav,others
422941.wav,others
423241.wav,others
423335.wav,others
423339.wav,others
42349.wav,others
423823.wav,others
424381.wav,others
425383.wav,others
425506.wav,others
425528.wav,others
4258.wav,others
425843.wav,others
426028.wav,others
426033.wav,others
4261.wav,others
426204.wav,glass_breaking
426205.wav,glass_breaking
426266.wav,others
426267.wav,others
426363.wav,others
426372.wav,door_wood_knock
426736.wav,door_wood_knock
426819.wav,others
426908.wav,others
427013.wav,others
427015.wav,others
427038.wav,others
42709.wav,others
427111.wav,door_wood_knock
427301.wav,others
427613.wav,door_wood_knock
427619.wav,door_wood_knock
427903.wav,others
428164.wav,door_wood_knock
428249.wav,others
428271.wav,others
4286.wav,others
4287.wav,others
428778.wav,others
428939.wav,others
42899.wav,others
42900.wav,glass_breaking
42901.wav,glass_breaking
42902.wav,glass_breaking
42903.wav,glass_breaking
42904.wav,glass_breaking
42906.wav,glass_breaking
42907.wav,glass_breaking
429130.wav,others
429176.wav,others
429181.wav,others
429312.wav,door_wood_knock
429405.wav,others
429671.wav,others
429691.wav,others
429919.wav,others
430599.wav,others
430627.wav,others
430702.wav,glass_breaking
431213.wav,others
431220.wav,others
431390.wav,others
431478.wav,others
43151.wav,others
431804.wav,others
432286.wav,others
432575.wav,others
432884.wav,others
433602.wav,others
433664.wav,others
434239.wav,others
434240.wav,others
434253.wav,others
43426.wav,others
434277.wav,others
434339.wav,others
434393.wav,others
434437.wav,glass_breaking
434438.wav,glass_breaking
434439.wav,glass_breaking
434440.wav,glass_breaking
434441.wav,glass_breaking
434442.wav,glass_breaking
434443.wav,glass_breaking
434444.wav,glass_breaking
434446.wav,glass_breaking
434447.wav,glass_breaking
434448.wav,glass_breaking
434449.wav,glass_breaking
434450.wav,glass_breaking
434451.wav,glass_breaking
434570.wav,others
435256.wav,others
435263.wav,others
435274.wav,others
43952.wav,others
44151.wav,others
44277.wav,others
44289.wav,others
44784.wav,others
44936.wav,others
45115.wav,others
45383.wav,others
45394.wav,others
45720.wav,others
45925.wav,others
46062.wav,others
46092.wav,siren
46115.wav,others
46129.wav,others
46136.wav,door_wood_knock
46198.wav,others
46256.wav,others
46266.wav,others
46267.wav,others
46327.wav,others
46333.wav,others
46624.wav,others
46684.wav,others
46690.wav,others
46691.wav,others
46787.wav,others
46792.wav,others
46911.wav,others
47012.wav,glass_breaking
47013.wav,glass_breaking
47372.wav,others
47459.wav,others
47521.wav,others
47598.wav,others
47929.wav,others
48024.wav,others
48151.wav,others
48989.wav,others
49177.wav,others
49425.wav,others
49725.wav,others
50362.wav,others
50414.wav,others
50789.wav,others
50803.wav,others
50890.wav,others
50915.wav,others
50920.wav,others
51020.wav,others
51028.wav,others
51095.wav,others
51143.wav,others
51209.wav,others
51319.wav,others
51425.wav,others
51438.wav,others
51707.wav,others
5181.wav,others
51810.wav,others
52042.wav,others
52266.wav,others
52290.wav,door_wood_knock
52295.wav,others
52308.wav,others
5314.wav,others
53166.wav,others
53181.wav,others
53383.wav,others
5351.wav,others
5354.wav,others
53675.wav,others
53764.wav,others
5379.wav,others
53797.wav,others
53882.wav,others
53947.wav,others
53979.wav,others
54240.wav,others
54398.wav,others
54578.wav,others
548.wav,others
54909.wav,others
54910.wav,others
55029.wav,others
55033.wav,others
55064.wav,others
55071.wav,others
55099.wav,others
55137.wav,others
55185.wav,others
55232.wav,others
55273.wav,others
55305.wav,others
55380.wav,others
55699.wav,others
55705.wav,others
55885.wav,others
55889.wav,others
55941.wav,others
55952.wav,others
55959.wav,others
55965.wav,others
55969.wav,others
55982.wav,others
55996.wav,others
56006.wav,others
56011.wav,others
56016.wav,others
56027.wav,others
56055.wav,others
56074.wav,others
56695.wav,others
56760.wav,others
56900.wav,others
57108.wav,others
57179.wav,others
57196.wav,others
57276.wav,others
57389.wav,others
57421.wav,others
57467.wav,others
57612.wav,others
57729.wav,others
57836.wav,others
57869.wav,others
57881.wav,others
58020.wav,others
58023.wav,others
58035.wav,others
58036.wav,others
58043.wav,others
58049.wav,others
58070.wav,others
58078.wav,others
58079.wav,others
58080.wav,others
58101.wav,others
58159.wav,others
58271.wav,others
58839.wav,others
58875.wav,others
59002.wav,others
59031.wav,others
59053.wav,others
59163.wav,others
59328.wav,others
59349.wav,others
59441.wav,others
59803.wav,others
59806.wav,others
60027.wav,others
60380.wav,others
60521.wav,others
60671.wav,others
60688.wav,others
60730.wav,others
60767.wav,others
60780.wav,others
60813.wav,others
60833.wav,others
61288.wav,others
61426.wav,others
61559.wav,others
61605.wav,others
61699.wav,others
61832.wav,others
61859.wav,others
61871.wav,others
61875.wav,others
61881.wav,others
61896.wav,others
61910.wav,others
61911.wav,others
62159.wav,others
62202.wav,others
62215.wav,others
62217.wav,others
62291.wav,others
6243.wav,others
62502.wav,others
62761.wav,others
62762.wav,others
62878.wav,siren
63478.wav,others
63482.wav,others
63518.wav,others
63612.wav,others
63621.wav,others
63637.wav,others
63708.wav,others
63814.wav,others
63831.wav,others
64005.wav,others
64007.wav,others
64008.wav,others
64011.wav,others
64155.wav,others
64182.wav,others
64231.wav,others
64243.wav,others
64257.wav,others
64263.wav,others
64265.wav,others
64267.wav,others
64276.wav,others
64329.wav,others
64523.wav,others
64703.wav,others
64716.wav,others
64731.wav,others
64734.wav,others
64736.wav,others
64770.wav,others
65151.wav,others
65152.wav,siren
65263.wav,others
65583.wav,others
65720.wav,others
65721.wav,others
65902.wav,glass_breaking
65903.wav,others
65918.wav,glass_breaking
65920.wav,others
65929.wav,siren
66116.wav,others
66435.wav,others
66518.wav,others
66519.wav,glass_breaking
66520.wav,glass_breaking
66752.wav,others
66870.wav,others
67129.wav,others
67358.wav,siren
67359.wav,siren
67422.wav,others
67448.wav,others
67474.wav,others
67508.wav,others
67522.wav,others
67571.wav,others
67581.wav,others
67682.wav,others
67710.wav,others
68136.wav,others
68449.wav,glass_breaking
68645.wav,others
68646.wav,others
68654.wav,glass_breaking
68696.wav,others
68702.wav,door_wood_knock
68739.wav,others
68938.wav,others
6895.wav,others
69157.wav,others
69207.wav,others
69209.wav,others
69527.wav,others
69552.wav,others
69607.wav,others
69614.wav,others
69663.wav,others
6987.wav,others
699.wav,others
70119.wav,others
70193.wav,others
70289.wav,others
70297.wav,others
70337.wav,others
70360.wav,others
70363.wav,others
70763.wav,others
70792.wav,others
70827.wav,others
70893.wav,others
71030.wav,others
71121.wav,others
71242.wav,others
71602.wav,others
71755.wav,others
71783.wav,others
71897.wav,glass_breaking
71924.wav,others
71934.wav,others
71947.wav,glass_breaking
72171.wav,others
72455.wav,others
72463.wav,others
72538.wav,others
73056.wav,others
73086.wav,others
73209.wav,others
73345.wav,others
73404.wav,others
74662.wav,others
74663.wav,others
74994.wav,others
75017.wav,others
75189.wav,others
75280.wav,others
75288.wav,others
75540.wav,others
75966.wav,others
75994.wav,others
76230.wav,others
76417.wav,others
7643.wav,others
76469.wav,others
76494.wav,others
7653.wav,others
76552.wav,others
76554.wav,others
7658.wav,others
76612.wav,others
76619.wav,others
76631.wav,others
76633.wav,others
76649.wav,others
76674.wav,others
76813.wav,door_wood_knock
77036.wav,others
77165.wav,door_wood_knock
7721.wav,others
7723.wav,others
77292.wav,others
77317.wav,others
77370.wav,others
77414.wav,others
7742.wav,others
77540.wav,others
77541.wav,others
77548.wav,others
77557.wav,others
77598.wav,others
77708.wav,others
77719.wav,others
77723.wav,others
77774.wav,others
77937.wav,others
7802.wav,others
78249.wav,others
78490.wav,others
78796.wav,others
7893.wav,others
79114.wav,others
79158.wav,others
79174.wav,others
79204.wav,others
79207.wav,others
79379.wav,others
79386.wav,others
7946.wav,others
79611.wav,others
7973.wav,others
79775.wav,others
79782.wav,others
79931.wav,others
7996.wav,others
80373.wav,others
80380.wav,others
80500.wav,others
80638.wav,others
80700.wav,others
80781.wav,others
80790.wav,others
80949.wav,others
81001.wav,door_wood_knock
81029.wav,others
81194.wav,others
81474.wav,others
81480.wav,others
81652.wav,others
81676.wav,others
81738.wav,others
81972.wav,others
82121.wav,others
82383.wav,others
82498.wav,others
82678.wav,others
82687.wav,others
82730.wav,others
82802.wav,others
82817.wav,door_wood_knock
82901.wav,others
82988.wav,others
83241.wav,door_wood_knock
83285.wav,others
83479.wav,door_wood_knock
83497.wav,others
8360.wav,others
83675.wav,others
8370.wav,others
83710.wav,others
83790.wav,others
83813.wav,others
83882.wav,others
83901.wav,others
84536.wav,glass_breaking
84669.wav,others
84671.wav,others
84702.wav,glass_breaking
84704.wav,glass_breaking
84705.wav,glass_breaking
84974.wav,others
85016.wav,door_wood_knock
85107.wav,glass_breaking
85158.wav,others
85168.wav,glass_breaking
85184.wav,glass_breaking
85214.wav,others
85253.wav,door_wood_knock
85312.wav,others
85333.wav,others
85538.wav,others
85550.wav,glass_breaking
85603.wav,others
85655.wav,others
85795.wav,others
85796.wav,others
85804.wav,others
85821.wav,others
85822.wav,others
85873.wav,others
85883.wav,others
85888.wav,others
85892.wav,others
85917.wav,others
85919.wav,door_wood_knock
85966.wav,others
86127.wav,others
86418.wav,others
86453.wav,others
86455.wav,others
86461.wav,others
86655.wav,others
86787.wav,others
86794.wav,others
86953.wav,others
87393.wav,siren
87635.wav,others
87681.wav,others
87799.wav,others
87967.wav,others
88121.wav,siren
88142.wav,others
88144.wav,others
88169.wav,others
88673.wav,others
88686.wav,others
88800.wav,glass_breaking
88806.wav,glass_breaking
88808.wav,glass_breaking
88809.wav,glass_breaking
88851.wav,others
88917.wav,glass_breaking
88920.wav,glass_breaking
88921.wav,glass_breaking
88922.wav,glass_breaking
88923.wav,glass_breaking
88924.wav,glass_breaking
88925.wav,glass_breaking
88926.wav,glass_breaking
88927.wav,glass_breaking
88928.wav,glass_breaking
88931.wav,glass_breaking
88932.wav,glass_breaking
88933.wav,glass_breaking
88935.wav,glass_breaking
88936.wav,glass_breaking
88937.wav,glass_breaking
88941.wav,glass_breaking
88942.wav,glass_breaking
88944.wav,glass_breaking
88945.wav,glass_breaking
88948.wav,glass_breaking
88949.wav,glass_breaking
88950.wav,glass_breaking
88996.wav,others
89099.wav,others
89141.wav,others
89504.wav,others
89597.wav,others
89651.wav,others
89682.wav,siren
89683.wav,siren
89796.wav,others
89887.wav,glass_breaking
89888.wav,glass_breaking
89889.wav,glass_breaking
89890.wav,glass_breaking
89891.wav,glass_breaking
89894.wav,glass_breaking
89895.wav,glass_breaking
89900.wav,glass_breaking
89901.wav,glass_breaking
89902.wav,glass_breaking
89903.wav,glass_breaking
89904.wav,glass_breaking
89905.wav,glass_breaking
89956.wav,others
90206.wav,others
90543.wav,others
90547.wav,others
90557.wav,others
90864.wav,others
90972.wav,others
90998.wav,others
91040.wav,others
91082.wav,others
91169.wav,others
91179.wav,others
91455.wav,others
91520.wav,others
91623.wav,others
91810.wav,others
9185.wav,others
91924.wav,others
92019.wav,glass_breaking
92186.wav,others
92267.wav,others
92313.wav,others
92374.wav,others
92386.wav,others
92405.wav,others
92571.wav,others
92600.wav,others
92601.wav,others
92642.wav,glass_breaking
92643.wav,glass_breaking
92644.wav,glass_breaking
92852.wav,others
92863.wav,others
92931.wav,others
92939.wav,others
92945.wav,others
92961.wav,others
92971.wav,others
93023.wav,others
93146.wav,others
93162.wav,others
93165.wav,others
93299.wav,glass_breaking
93384.wav,others
93449.wav,glass_breaking
93569.wav,others
93639.wav,siren
93643.wav,siren
93662.wav,others
93676.wav,siren
9386.wav,others
93865.wav,others
93899.wav,others
93946.wav,others
93964.wav,glass_breaking
94265.wav,others
9428.wav,others
9432.wav,others
9433.wav,others
94345.wav,others
94701.wav,others
94735.wav,others
94789.wav,door_wood_knock
94812.wav,others
94830.wav,others
94993.wav,others
95003.wav,others
95058.wav,others
95078.wav,glass_breaking
9508.wav,others
95113.wav,others
95433.wav,others
95562.wav,others
95568.wav,others
9557.wav,others
95662.wav,others
95676.wav,others
95680.wav,others
95722.wav,others
95749.wav,others
95752.wav,others
95936.wav,others
96092.wav,others
96097.wav,others
96106.wav,others
96109.wav,others
96114.wav,others
96400.wav,others
96564.wav,others
9662.wav,others
96643.wav,others
9704.wav,others
97150.wav,others
97152.wav,others
97218.wav,others
97224.wav,others
97225.wav,others
97525.wav,others
97562.wav,others
97595.wav,others
97624.wav,others
97650.wav,others
98121.wav,others
98247.wav,others
98411.wav,others
98536.wav,siren
98674.wav,others
98693.wav,others
98762.wav,others
98786.wav,others
99084.wav,others
99166.wav,others
99168.wav,others
99254.wav,others
99706.wav,others
99724.wav,others
99770.wav,others
9981.wav,others
106803.wav,doorbell
110165.wav,doorbell
123350.wav,doorbell
125967.wav,doorbell
151893.wav,doorbell
163730.wav,doorbell
171755.wav,doorbell
177875.wav,doorbell
192761.wav,doorbell
196368.wav,doorbell
196370.wav,doorbell
196371.wav,doorbell
196373.wav,doorbell
196374.wav,doorbell
196375.wav,doorbell
196376.wav,doorbell
196377.wav,doorbell
196378.wav,doorbell
196379.wav,doorbell
196380.wav,doorbell
20285.wav,doorbell
203941.wav,doorbell
203942.wav,doorbell
203943.wav,doorbell
203944.wav,doorbell
203945.wav,doorbell
203946.wav,doorbell
203947.wav,doorbell
203948.wav,doorbell
205949.wav,doorbell
212127.wav,doorbell
212128.wav,doorbell
212129.wav,doorbell
218317.wav,doorbell
21985.wav,doorbell
21986.wav,doorbell
223671.wav,doorbell
223672.wav,doorbell
223673.wav,doorbell
242494.wav,doorbell
249303.wav,doorbell
253982.wav,doorbell
268074.wav,doorbell
268076.wav,doorbell
275068.wav,doorbell
275069.wav,doorbell
275070.wav,doorbell
275071.wav,doorbell
275072.wav,doorbell
275564.wav,doorbell
275565.wav,doorbell
275566.wav,doorbell
275568.wav,doorbell
275569.wav,doorbell
275570.wav,doorbell
275571.wav,doorbell
275629.wav,doorbell
277510.wav,doorbell
29726.wav,doorbell
31133.wav,doorbell
319041.wav,doorbell
331569.wav,doorbell
332858.wav,doorbell
347216.wav,doorbell
347217.wav,doorbell
347677.wav,doorbell
361564.wav,doorbell
383976.wav,doorbell
399205.wav,doorbell
403439.wav,doorbell
407637.wav,doorbell
411517.wav,doorbell
411519.wav,doorbell
411521.wav,doorbell
415164.wav,doorbell
41629.wav,doorbell
417858.wav,doorbell
418074.wav,doorbell
418867.wav,doorbell
422668.wav,doorbell
426019.wav,doorbell
69181.wav,doorbell
69182.wav,doorbell
69184.wav,doorbell
69185.wav,doorbell
70102.wav,doorbell
76925.wav,doorbell
77892.wav,doorbell
79180.wav,doorbell
81072.wav,doorbell
87151.wav,doorbell
88243.wav,doorbell
93646.wav,doorbell
31775.wav,doorbell
330400.wav,doorbell
332563.wav,doorbell
131560.wav,doorbell
263078.wav,doorbell
403213.wav,doorbell
69384.wav,doorbell
397919.wav,doorbell
345275.wav,doorbell
397621.wav,doorbell
2539.wav,doorbell
57771.wav,doorbell
342654.wav,doorbell
118101.wav,doorbell
131989.wav,doorbell
400695.wav,doorbell
399092.wav,doorbell
365575.wav,doorbell
347400.wav,doorbell
69385.wav,doorbell
69386.wav,doorbell
410384.wav,doorbell
317330.wav,doorbell
53268.wav,doorbell
119958.wav,doorbell
106270.wav,doorbell
331680.wav,doorbell
348322.wav,doorbell
81065.wav,doorbell
131641.wav,doorbell
131642.wav,doorbell
131643.wav,doorbell
168028.wav,doorbell
168029.wav,doorbell
426594.wav,doorbell
393333.wav,doorbell
